timestamp,open,high,low,close,volume,ticker
2018-09-12 01:00:00,6.0,6.93,5.35,6.6,66848996,NIO
2018-09-13 01:00:00,6.62,12.69,6.52,11.6,158346490,NIO
2018-09-14 01:00:00,12.66,13.8,9.22,9.9,172473560,NIO
2018-09-17 01:00:00,9.61,9.75,8.5,8.5,56323875,NIO
2018-09-18 01:00:00,8.73,9.1,7.67,7.68,41827593,NIO
2018-09-19 01:00:00,7.88,9.15,7.54,8.5,48306520,NIO
2018-09-20 01:00:00,9.07,9.47,8.4151,8.78,40275036,NIO
2018-09-21 01:00:00,9.05,9.07,8.5,8.59,15118471,NIO
2018-09-24 01:00:00,8.32,8.39,7.85,7.87,16297902,NIO
2018-09-25 01:00:00,8.06,8.19,7.5,7.58,18909287,NIO
2018-09-26 01:00:00,7.59,7.76,7.5,7.5,11088293,NIO
2018-09-27 01:00:00,7.55,7.55,7.01,7.01,16815631,NIO
2018-09-28 01:00:00,6.97,7.28,6.68,6.98,21813582,NIO
2018-10-01 01:00:00,7.06,7.08,6.6,6.6,16429120,NIO
2018-10-02 01:00:00,6.6,6.6,5.87,5.93,19439988,NIO
2018-10-03 01:00:00,6.12,6.55,6.12,6.3,13251168,NIO
2018-10-04 01:00:00,6.19,6.25,6.0,6.25,11896599,NIO
2018-10-05 01:00:00,6.2,6.29,6.03,6.26,8378259,NIO
2018-10-08 01:00:00,6.07,6.18,5.95,6.04,11508763,NIO
2018-10-09 01:00:00,6.19,7.4,6.1,7.39,38464354,NIO
2018-10-10 01:00:00,8.1,8.35,7.39,7.75,74971137,NIO
2018-10-11 01:00:00,7.44,7.55,6.92,7.18,22730045,NIO
2018-10-12 01:00:00,7.46,7.75,7.28,7.46,14545424,NIO
2018-10-15 01:00:00,7.86,8.3,7.7,7.82,26781651,NIO
2018-10-16 01:00:00,8.06,8.2,7.83,8.04,17490452,NIO
2018-10-17 01:00:00,8.12,8.16,7.73,7.77,11705259,NIO
2018-10-18 01:00:00,7.6,7.67,7.26,7.5,11905956,NIO
2018-10-19 01:00:00,7.59,7.745,7.22,7.32,7336209,NIO
2018-10-22 01:00:00,7.68,7.685,7.0,7.03,12758537,NIO
2018-10-23 01:00:00,6.74,6.89,6.45,6.81,14901741,NIO
2018-10-24 01:00:00,6.85,6.85,6.13,6.17,14789857,NIO
2018-10-25 01:00:00,6.27,6.57,6.25,6.45,9188691,NIO
2018-10-26 01:00:00,6.21,6.51,6.18,6.35,9458953,NIO
2018-10-29 01:00:00,6.53,6.79,6.05,6.19,16027640,NIO
2018-10-30 01:00:00,6.2,6.22,5.615,5.95,21823905,NIO
2018-10-31 01:00:00,6.08,6.25,5.9,5.9,15213393,NIO
2018-11-01 01:00:00,6.0,6.78,5.96,6.62,24330932,NIO
2018-11-02 01:00:00,6.84,6.84,6.27,6.49,17959725,NIO
2018-11-05 01:00:00,6.52,6.72,6.25,6.68,13188661,NIO
2018-11-06 01:00:00,7.22,7.32,6.4,6.4,49855770,NIO
2018-11-07 01:00:00,6.42,6.88,6.15,6.74,23761772,NIO
2018-11-08 01:00:00,6.49,7.1,6.47,6.69,20510714,NIO
2018-11-09 01:00:00,6.59,6.93,6.52,6.77,12789789,NIO
2018-11-12 01:00:00,6.72,6.93,6.56,6.65,12709127,NIO
2018-11-13 01:00:00,6.69,6.9,6.58,6.78,15374076,NIO
2018-11-14 01:00:00,6.8,7.45,6.8,7.1,29585149,NIO
2018-11-15 01:00:00,7.15,7.49,7.11,7.34,18036362,NIO
2018-11-16 01:00:00,7.4,7.65,7.16,7.19,14972458,NIO
2018-11-19 01:00:00,7.38,8.21,7.28,7.84,49171758,NIO
2018-11-20 01:00:00,7.65,7.91,7.15,7.67,26923192,NIO
2018-11-21 01:00:00,7.9,8.05,7.63,7.71,13993640,NIO
2018-11-23 01:00:00,7.68,7.695,7.41,7.46,8119651,NIO
2018-11-26 01:00:00,7.61,7.626,7.16,7.37,12164902,NIO
2018-11-27 01:00:00,7.3,7.7,7.23,7.48,9084856,NIO
2018-11-28 01:00:00,7.6,8.15,7.6,8.12,22096929,NIO
2018-11-29 01:00:00,8.06,8.12,7.76,7.79,13207636,NIO
2018-11-30 01:00:00,7.8,8.0,7.68,7.71,10994730,NIO
2018-12-03 01:00:00,8.1,8.13,7.5,7.58,22336440,NIO
2018-12-04 01:00:00,7.6,7.64,7.05,7.08,19624735,NIO
2018-12-06 01:00:00,6.86,7.37,6.72,7.37,16688145,NIO
2018-12-07 01:00:00,7.36,7.38,6.96,6.99,11576166,NIO
2018-12-10 01:00:00,7.03,7.12,6.74,7.03,9980958,NIO
2018-12-11 01:00:00,7.08,7.2,6.92,7.08,8095733,NIO
2018-12-12 01:00:00,7.2,7.55,7.12,7.54,16007523,NIO
2018-12-13 01:00:00,7.55,7.9,7.26,7.75,14980941,NIO
2018-12-14 01:00:00,7.53,7.89,7.4,7.7,10773624,NIO
2018-12-17 01:00:00,7.63,7.64,6.96,7.03,18132776,NIO
2018-12-18 01:00:00,7.0325,7.19,6.835,7.07,10685752,NIO
2018-12-19 01:00:00,7.01,7.15,6.8,6.83,9299725,NIO
2018-12-20 01:00:00,6.82,6.92,6.33,6.52,12080014,NIO
2018-12-21 01:00:00,6.53,6.65,6.06,6.07,13598339,NIO
2018-12-24 01:00:00,6.0,6.12,5.84,5.92,8835827,NIO
2018-12-26 01:00:00,6.11,6.37,5.96,6.36,9912348,NIO
2018-12-27 01:00:00,6.17,6.45,6.03,6.43,8531875,NIO
2018-12-28 01:00:00,6.5,6.56,6.3,6.47,7996498,NIO
2018-12-31 01:00:00,6.56,6.57,6.21,6.37,8667438,NIO
2019-01-02 01:00:00,6.13,6.24,6.0,6.2,8823588,NIO
2019-01-03 01:00:00,6.1,6.1454,6.02,6.05,7562892,NIO
2019-01-04 01:00:00,6.19,6.4,6.13,6.36,9405574,NIO
2019-01-07 01:00:00,6.41,6.585,6.31,6.5,9709046,NIO
2019-01-08 01:00:00,6.57,6.58,6.165,6.4,9603777,NIO
2019-01-09 01:00:00,6.41,6.69,6.35,6.63,11489874,NIO
2019-01-10 01:00:00,6.63,6.73,6.41,6.66,11221122,NIO
2019-01-11 01:00:00,6.5,6.615,6.48,6.59,6902293,NIO
2019-01-14 01:00:00,6.51,7.15,6.37,6.8,19454079,NIO
2019-01-15 01:00:00,6.85,7.07,6.75,6.82,12632982,NIO
2019-01-16 01:00:00,6.8,6.9,6.68,6.71,6941150,NIO
2019-01-17 01:00:00,6.7,6.875,6.53,6.81,8508909,NIO
2019-01-18 01:00:00,6.89,6.91,6.68,6.71,9240851,NIO
2019-01-22 01:00:00,6.63,6.67,6.51,6.57,6379619,NIO
2019-01-23 01:00:00,6.63,6.785,6.47,6.55,5685964,NIO
2019-01-24 01:00:00,6.47,6.75,6.47,6.58,5919985,NIO
2019-01-25 01:00:00,6.65,6.78,6.6,6.65,6726949,NIO
2019-01-28 01:00:00,6.56,6.68,6.48,6.67,5111018,NIO
2019-01-29 01:00:00,6.68,6.97,6.64,6.94,14200087,NIO
2019-01-30 01:00:00,6.94,7.55,6.92,7.46,28775026,NIO
2019-01-31 01:00:00,7.4,7.89,7.4,7.88,21233857,NIO
2019-02-01 01:00:00,7.85,8.11,7.68,7.9,20788847,NIO
2019-02-04 01:00:00,7.96,7.98,7.74,7.85,8585348,NIO
2019-02-05 01:00:00,7.71,7.96,7.61,7.88,9029887,NIO
2019-02-06 01:00:00,7.95,8.59,7.8301,8.4,33404746,NIO
2019-02-07 01:00:00,8.28,8.37,7.8,8.04,23198212,NIO
2019-02-08 01:00:00,8.0,8.0,7.28,7.67,21709346,NIO
2019-02-11 01:00:00,7.67,7.77,7.38,7.46,9750733,NIO
2019-02-12 01:00:00,7.35,7.57,7.14,7.44,13264105,NIO
2019-02-13 01:00:00,7.52,7.68,7.39,7.49,10867810,NIO
2019-02-14 01:00:00,7.7,7.78,7.42,7.48,14728317,NIO
2019-02-15 01:00:00,7.55,7.64,7.255,7.41,15620191,NIO
2019-02-19 01:00:00,7.4,7.43,7.21,7.26,9974748,NIO
2019-02-20 01:00:00,7.26,7.77,7.26,7.62,21495721,NIO
2019-02-21 01:00:00,7.7,7.73,7.43,7.64,8060138,NIO
2019-02-22 01:00:00,7.92,8.22,7.75,8.17,26600350,NIO
2019-02-25 01:00:00,9.04,9.09,8.6,9.0,52424249,NIO
2019-02-26 01:00:00,9.16,10.64,8.82,9.79,106022591,NIO
2019-02-27 01:00:00,10.15,10.25,9.33,9.85,53234270,NIO
2019-02-28 01:00:00,9.85,9.93,9.46,9.57,26506014,NIO
2019-03-01 01:00:00,9.82,10.2,9.73,10.06,32409414,NIO
2019-03-04 01:00:00,10.32,10.37,9.15,9.78,43753280,NIO
2019-03-05 01:00:00,9.8,10.63,9.7,10.16,53680765,NIO
2019-03-06 01:00:00,8.26,8.72,8.0,8.01,73522653,NIO
2019-03-07 01:00:00,7.81,7.95,7.0,7.09,52469571,NIO
2019-03-08 01:00:00,7.02,7.2,6.85,7.06,32040585,NIO
2019-03-11 01:00:00,6.95,6.98,6.55,6.59,62544507,NIO
2019-03-12 01:00:00,6.6223,6.64,6.37,6.39,41615989,NIO
2019-03-13 01:00:00,6.32,6.77,6.24,6.53,41727215,NIO
2019-03-14 01:00:00,6.63,6.64,6.0,6.03,58983387,NIO
2019-03-15 01:00:00,6.12,6.13,5.71,5.71,85776969,NIO
2019-03-18 01:00:00,5.69,5.95,5.44,5.75,76506119,NIO
2019-03-19 01:00:00,5.75,6.03,5.73,5.96,54509153,NIO
2019-03-20 01:00:00,6.02,6.03,5.71,5.85,39053693,NIO
2019-03-21 01:00:00,5.75,5.945,5.74,5.84,21368941,NIO
2019-03-22 01:00:00,5.8,5.87,5.6,5.62,24915664,NIO
2019-03-25 01:00:00,5.62,5.66,5.27,5.35,38993269,NIO
2019-03-26 01:00:00,5.2,5.22,4.9,4.96,67206268,NIO
2019-03-27 01:00:00,5.01,5.19,4.96,4.98,39753377,NIO
2019-03-28 01:00:00,5.04,5.17,4.93,5.01,29458068,NIO
2019-03-29 01:00:00,5.06,5.13,5.03,5.1,23595909,NIO
2019-04-01 01:00:00,5.29,5.4,5.14,5.21,32404597,NIO
2019-04-02 01:00:00,5.43,5.61,5.345,5.39,55814771,NIO
2019-04-03 01:00:00,5.55,5.58,5.23,5.31,35320203,NIO
2019-04-04 01:00:00,5.39,5.5,5.27,5.35,31696613,NIO
2019-04-05 01:00:00,5.37,5.4,5.31,5.36,18093412,NIO
2019-04-08 01:00:00,5.33,5.38,5.25,5.3,17349772,NIO
2019-04-09 01:00:00,5.28,5.28,5.06,5.08,32590061,NIO
2019-04-10 01:00:00,5.06,5.11,4.96,5.05,25958722,NIO
2019-04-11 01:00:00,5.0,5.085,4.97,5.01,17642573,NIO
2019-04-12 01:00:00,5.03,5.06,4.95,4.99,15561263,NIO
2019-04-15 01:00:00,4.99,5.0,4.72,4.75,27489142,NIO
2019-04-16 01:00:00,4.8,4.81,4.43,4.45,46354509,NIO
2019-04-17 01:00:00,4.6101,4.72,4.51,4.59,30546383,NIO
2019-04-18 01:00:00,4.53,4.92,4.44,4.79,31206503,NIO
2019-04-22 01:00:00,4.74,4.81,4.62,4.78,12936684,NIO
2019-04-23 01:00:00,4.82,4.92,4.73,4.83,15106971,NIO
2019-04-24 01:00:00,4.79,5.01,4.75,5.0,20401275,NIO
2019-04-25 01:00:00,5.01,5.15,4.85,4.9,21552804,NIO
2019-04-26 01:00:00,4.85,4.93,4.77,4.92,11891337,NIO
2019-04-29 01:00:00,4.89,5.05,4.87,4.98,15202827,NIO
2019-04-30 01:00:00,4.98,5.08,4.8,4.85,14434585,NIO
2019-05-01 01:00:00,4.84,4.85,4.68,4.68,13308347,NIO
2019-05-02 01:00:00,4.74,4.75,4.5733,4.72,14080431,NIO
2019-05-03 01:00:00,4.73,5.11,4.73,5.02,25245547,NIO
2019-05-06 01:00:00,4.72,4.88,4.69,4.88,16144442,NIO
2019-05-07 01:00:00,4.81,4.92,4.76,4.84,11545700,NIO
2019-05-08 01:00:00,4.79,4.81,4.56,4.57,20456913,NIO
2019-05-09 01:00:00,4.54,4.7,4.51,4.6,15759712,NIO
2019-05-10 01:00:00,4.6,4.66,4.51,4.56,17146542,NIO
2019-05-13 01:00:00,4.5,4.5,4.3,4.33,21804468,NIO
2019-05-14 01:00:00,4.47,4.67,4.41,4.67,27925652,NIO
2019-05-15 01:00:00,4.59,4.75,4.53,4.71,14668954,NIO
2019-05-16 01:00:00,4.65,4.85,4.61,4.66,16197999,NIO
2019-05-17 01:00:00,4.58,4.7,4.42,4.42,19775669,NIO
2019-05-20 01:00:00,4.38,4.4,4.11,4.25,23571672,NIO
2019-05-21 01:00:00,4.35,4.45,4.25,4.29,23435345,NIO
2019-05-22 01:00:00,4.25,4.3,4.0,4.05,35451326,NIO
2019-05-23 01:00:00,3.96,4.03,3.83,3.93,27855521,NIO
2019-05-24 01:00:00,3.98,4.045,3.81,3.86,26069358,NIO
2019-05-28 01:00:00,4.12,4.14,3.88,4.0,114474424,NIO
2019-05-29 01:00:00,3.89,3.9,3.6,3.61,41690392,NIO
2019-05-30 01:00:00,3.55,3.5507,3.11,3.24,55942228,NIO
2019-05-31 01:00:00,3.07,3.15,3.0,3.05,39383312,NIO
2019-06-03 01:00:00,2.98,3.06,2.74,2.96,51792961,NIO
2019-06-04 01:00:00,3.0,3.11,2.97,3.04,30924022,NIO
2019-06-05 01:00:00,3.07,3.09,2.76,2.83,38179137,NIO
2019-06-06 01:00:00,2.9,2.9,2.54,2.65,54094341,NIO
2019-06-07 01:00:00,2.64,2.81,2.55,2.76,31397929,NIO
2019-06-10 01:00:00,2.75,2.82,2.59,2.63,35989051,NIO
2019-06-11 01:00:00,2.67,2.67,2.55,2.61,33070093,NIO
2019-06-12 01:00:00,2.62,2.62,2.5,2.55,30099492,NIO
2019-06-13 01:00:00,2.55,2.62,2.5,2.52,21962643,NIO
2019-06-14 01:00:00,2.44,2.45,2.35,2.42,27065748,NIO
2019-06-17 01:00:00,2.39,2.53,2.35,2.46,20830117,NIO
2019-06-18 01:00:00,2.52,2.71,2.45,2.53,50080849,NIO
2019-06-19 01:00:00,2.67,2.84,2.56,2.74,43761943,NIO
2019-06-20 01:00:00,2.87,3.05,2.8,2.83,55697201,NIO
2019-06-21 01:00:00,2.88,2.9,2.57,2.64,49602361,NIO
2019-06-24 01:00:00,2.61,2.685,2.51,2.64,22693858,NIO
2019-06-25 01:00:00,2.64,2.66,2.55,2.6,16289847,NIO
2019-06-26 01:00:00,2.64,2.73,2.54,2.55,20679334,NIO
2019-06-27 01:00:00,2.51,2.62,2.44,2.6,27685620,NIO
2019-06-28 01:00:00,2.6,2.63,2.51,2.55,17640326,NIO
2019-07-01 01:00:00,2.67,2.68,2.58,2.6,19541552,NIO
2019-07-02 01:00:00,2.6,2.845,2.57,2.82,35317275,NIO
2019-07-03 01:00:00,2.93,3.29,2.9,3.13,75342426,NIO
2019-07-05 01:00:00,3.31,3.34,3.15,3.26,35914642,NIO
2019-07-08 01:00:00,3.21,3.5,3.13,3.49,40423954,NIO
2019-07-09 01:00:00,3.575,3.9,3.42,3.69,87406073,NIO
2019-07-10 01:00:00,3.95,4.0,3.6,3.68,85126060,NIO
2019-07-11 01:00:00,3.64,3.68,3.32,3.42,57070344,NIO
2019-07-12 01:00:00,3.34,3.639,3.32,3.45,39432181,NIO
2019-07-15 01:00:00,3.49,3.5202,3.34,3.39,19833129,NIO
2019-07-16 01:00:00,3.4,3.45,3.26,3.3,25764637,NIO
2019-07-17 01:00:00,3.28,3.52,3.25,3.44,26704968,NIO
2019-07-18 01:00:00,3.47,3.495,3.31,3.43,17652624,NIO
2019-07-19 01:00:00,3.43,3.48,3.36,3.37,13784331,NIO
2019-07-22 01:00:00,3.38,3.45,3.31,3.38,12376944,NIO
2019-07-23 01:00:00,3.43,3.49,3.37,3.46,12462047,NIO
2019-07-24 01:00:00,3.45,3.75,3.44,3.67,38844783,NIO
2019-07-25 01:00:00,3.68,3.72,3.5,3.5,26513325,NIO
2019-07-26 01:00:00,3.56,3.62,3.5,3.51,15606285,NIO
2019-07-29 01:00:00,3.55,3.58,3.32,3.46,25890697,NIO
2019-07-30 01:00:00,3.4292,3.44,3.35,3.38,14127899,NIO
2019-07-31 01:00:00,3.38,3.53,3.36,3.47,19917224,NIO
2019-08-01 01:00:00,3.45,3.51,3.2,3.28,28758382,NIO
2019-08-02 01:00:00,3.21,3.33,3.16,3.27,17211310,NIO
2019-08-05 01:00:00,3.14,3.14,2.85,2.95,38736177,NIO
2019-08-06 01:00:00,3.09,3.14,3.0,3.08,23455749,NIO
2019-08-07 01:00:00,3.04,3.09,2.93,3.09,18090390,NIO
2019-08-08 01:00:00,3.13,3.26,3.11,3.17,20999758,NIO
2019-08-09 01:00:00,3.1,3.18,3.1,3.13,10609998,NIO
2019-08-12 01:00:00,3.05,3.11,2.96,3.05,14217519,NIO
2019-08-13 01:00:00,3.0,3.2,3.0,3.15,18607576,NIO
2019-08-14 01:00:00,3.075,3.08,2.88,2.9,28205946,NIO
2019-08-15 01:00:00,2.99,2.99,2.77,2.82,15735986,NIO
2019-08-16 01:00:00,2.89,3.01,2.86,2.95,15884219,NIO
2019-08-19 01:00:00,3.0,3.1,3.0,3.0,13657084,NIO
2019-08-20 01:00:00,3.06,3.21,3.0,3.16,16703065,NIO
2019-08-21 01:00:00,3.23,3.27,3.02,3.05,21524358,NIO
2019-08-22 01:00:00,3.06,3.09,3.01,3.02,12427830,NIO
2019-08-23 01:00:00,2.97,3.04,2.885,2.92,13649638,NIO
2019-08-26 01:00:00,2.95,2.95,2.83,2.9,14138291,NIO
2019-08-27 01:00:00,2.92,3.0,2.83,2.91,20416708,NIO
2019-08-28 01:00:00,2.9,2.92,2.83,2.84,10491777,NIO
2019-08-29 01:00:00,2.91,2.93,2.85,2.85,12377439,NIO
2019-08-30 01:00:00,2.9,2.91,2.84,2.86,8162524,NIO
2019-09-03 01:00:00,2.82,2.83,2.58,2.6,26901784,NIO
2019-09-04 01:00:00,2.7,2.75,2.64,2.75,15213978,NIO
2019-09-05 01:00:00,2.81,3.0,2.8,2.95,23269977,NIO
2019-09-06 01:00:00,2.99,3.0,2.87,2.98,14509344,NIO
2019-09-09 01:00:00,3.0,3.14,2.93,3.14,17386277,NIO
2019-09-10 01:00:00,3.13,3.33,3.07,3.32,20848752,NIO
2019-09-11 01:00:00,3.28,3.33,3.16,3.27,13619898,NIO
2019-09-12 01:00:00,3.24,3.265,3.1,3.19,10957834,NIO
2019-09-13 01:00:00,3.22,3.27,3.15,3.21,8371663,NIO
2019-09-16 01:00:00,3.15,3.21,3.09,3.12,12374938,NIO
2019-09-17 01:00:00,3.11,3.18,3.0,3.18,13011822,NIO
2019-09-18 01:00:00,3.21,3.21,3.03,3.08,12582923,NIO
2019-09-19 01:00:00,3.12,3.16,3.08,3.1,8838966,NIO
2019-09-20 01:00:00,3.14,3.16,3.02,3.04,12053844,NIO
2019-09-23 01:00:00,2.98,2.98,2.71,2.72,40587553,NIO
2019-09-24 01:00:00,2.22,2.24,1.97,2.17,122304157,NIO
2019-09-25 01:00:00,2.15,2.15,2.02,2.05,39271995,NIO
2019-09-26 01:00:00,2.05,2.06,1.9,1.96,52898703,NIO
2019-09-27 01:00:00,1.94,2.0,1.71,1.75,59980823,NIO
2019-09-30 01:00:00,1.72,1.73,1.53,1.56,58965484,NIO
2019-10-01 01:00:00,1.51,1.51,1.22,1.32,88303453,NIO
2019-10-02 01:00:00,1.19,1.65,1.19,1.59,99492149,NIO
2019-10-03 01:00:00,1.59,1.7,1.43,1.64,58718147,NIO
2019-10-04 01:00:00,1.6,1.69,1.56,1.62,25306865,NIO
2019-10-07 01:00:00,1.58,1.59,1.45,1.55,26931904,NIO
2019-10-08 01:00:00,1.73,1.8,1.66,1.7,47246745,NIO
2019-10-09 01:00:00,1.75,1.76,1.575,1.64,35977235,NIO
2019-10-10 01:00:00,1.64,1.64,1.5,1.53,34066323,NIO
2019-10-11 01:00:00,1.55,1.59,1.5,1.56,25706738,NIO
2019-10-14 01:00:00,1.56,1.57,1.52,1.53,12597397,NIO
2019-10-15 01:00:00,1.63,1.64,1.54,1.55,27705187,NIO
2019-10-16 01:00:00,1.46,1.52,1.4,1.46,40843013,NIO
2019-10-17 01:00:00,1.46,1.5,1.42,1.46,18386078,NIO
2019-10-18 01:00:00,1.45,1.55,1.44,1.52,21500327,NIO
2019-10-21 01:00:00,1.52,1.77,1.49,1.69,40265126,NIO
2019-10-22 01:00:00,1.7,1.77,1.52,1.58,39052416,NIO
2019-10-23 01:00:00,1.58,1.595,1.52,1.53,12847715,NIO
2019-10-24 01:00:00,1.57,1.6,1.53,1.54,21615931,NIO
2019-10-25 01:00:00,1.54,1.555,1.5,1.51,20583465,NIO
2019-10-28 01:00:00,1.4289,1.5,1.38,1.48,32759838,NIO
2019-10-29 01:00:00,1.45,1.45,1.39,1.39,22390431,NIO
2019-10-30 01:00:00,1.42,1.45,1.36,1.43,20881217,NIO
2019-10-31 01:00:00,1.47,1.54,1.44,1.45,22415770,NIO
2019-11-01 01:00:00,1.49,1.55,1.49,1.52,18037448,NIO
2019-11-04 01:00:00,1.65,1.9,1.58,1.71,61267351,NIO
2019-11-05 01:00:00,1.88,2.38,1.8,2.34,184641150,NIO
2019-11-06 01:00:00,2.46,2.46,1.96,2.03,114179516,NIO
2019-11-07 01:00:00,2.11,2.2,2.05,2.07,39588769,NIO
2019-11-08 01:00:00,2.13,2.13,1.94,1.98,38420906,NIO
2019-11-11 01:00:00,1.9,1.96,1.78,1.86,34365566,NIO
2019-11-12 01:00:00,1.9,2.05,1.83,1.94,27818014,NIO
2019-11-13 01:00:00,1.9,1.99,1.85,1.9,25129674,NIO
2019-11-14 01:00:00,1.86,1.89,1.66,1.75,46805706,NIO
2019-11-15 01:00:00,1.75,1.84,1.66,1.8,32267866,NIO
2019-11-18 01:00:00,1.88,1.9,1.73,1.8,26550709,NIO
2019-11-19 01:00:00,1.78,1.89,1.78,1.83,26829617,NIO
2019-11-20 01:00:00,1.85,1.87,1.77,1.84,20771437,NIO
2019-11-21 01:00:00,1.87,2.04,1.82,1.98,41548257,NIO
2019-11-22 01:00:00,2.04,2.05,1.88,1.94,25210980,NIO
2019-11-25 01:00:00,1.99,2.12,1.96,2.05,36941204,NIO
2019-11-26 01:00:00,2.12,2.29,2.12,2.28,55683461,NIO
2019-11-27 01:00:00,2.32,2.5,2.28,2.46,77494322,NIO
2019-11-29 01:00:00,2.36,2.36,2.2,2.27,32640284,NIO
2019-12-02 01:00:00,2.35,2.44,2.3,2.44,33145682,NIO
2019-12-03 01:00:00,2.31,2.48,2.25,2.4,38015425,NIO
2019-12-04 01:00:00,2.42,2.58,2.41,2.42,46922168,NIO
2019-12-05 01:00:00,2.53,2.57,2.25,2.27,53335378,NIO
2019-12-06 01:00:00,2.32,2.34,2.2,2.26,32061322,NIO
2019-12-09 01:00:00,2.21,2.25,2.11,2.22,31824409,NIO
2019-12-10 01:00:00,2.2,2.28,2.14,2.27,25261366,NIO
2019-12-11 01:00:00,2.26,2.32,2.23,2.26,20364065,NIO
2019-12-12 01:00:00,2.3,2.33,2.26,2.27,22515294,NIO
2019-12-13 01:00:00,2.31,2.43,2.2885,2.39,37269741,NIO
2019-12-16 01:00:00,2.44,2.55,2.39,2.48,36959896,NIO
2019-12-17 01:00:00,2.54,2.63,2.5,2.59,45705508,NIO
2019-12-18 01:00:00,2.58,2.67,2.54,2.63,31842120,NIO
2019-12-19 01:00:00,2.69,2.73,2.61,2.62,36387929,NIO
2019-12-20 01:00:00,2.65,2.72,2.63,2.69,51014364,NIO
2019-12-23 01:00:00,2.7399,2.76,2.65,2.67,28627274,NIO
2019-12-24 01:00:00,2.63,2.63,2.45,2.53,32029806,NIO
2019-12-26 01:00:00,2.4511,2.52,2.35,2.51,44197159,NIO
2019-12-27 01:00:00,2.54,2.55,2.41,2.42,37703779,NIO
2019-12-30 01:00:00,2.92,4.87,2.88,3.72,433831850,NIO
2019-12-31 01:00:00,4.15,4.42,3.82,4.02,215200720,NIO
2020-01-02 01:00:00,4.1,4.1,3.61,3.72,103899030,NIO
2020-01-03 01:00:00,3.5,3.9,3.48,3.83,82981638,NIO
2020-01-06 01:00:00,4.19,4.24,3.66,3.68,106848660,NIO
2020-01-07 01:00:00,3.7,3.73,3.21,3.24,109299493,NIO
2020-01-08 01:00:00,3.14,3.49,3.13,3.39,65258120,NIO
2020-01-09 01:00:00,3.44,3.58,3.33,3.46,54722031,NIO
2020-01-10 01:00:00,3.49,3.575,3.4,3.51,35762408,NIO
2020-01-13 01:00:00,3.705,3.73,3.52,3.7,59974787,NIO
2020-01-14 01:00:00,3.7,3.82,3.61,3.76,55273777,NIO
2020-01-15 01:00:00,4.19,4.48,4.0,4.29,236357900,NIO
2020-01-16 01:00:00,3.99,4.4,3.91,4.37,99336772,NIO
2020-01-17 01:00:00,4.51,4.705,4.46,4.67,109601251,NIO
2020-01-21 01:00:00,4.6,5.29,4.52,5.17,181423630,NIO
2020-01-22 01:00:00,5.42,5.65,4.69,4.79,207132680,NIO
2020-01-23 01:00:00,4.57,4.95,4.31,4.92,102535338,NIO
2020-01-24 01:00:00,5.0,5.06,4.51,4.66,65537979,NIO
2020-01-27 01:00:00,3.985,4.35,3.84,4.01,102028723,NIO
2020-01-28 01:00:00,4.25,4.27,4.03,4.21,48979120,NIO
2020-01-29 01:00:00,4.23,4.33,4.02,4.27,54690961,NIO
2020-01-30 01:00:00,4.24,4.38,4.01,4.08,75009830,NIO
2020-01-31 01:00:00,4.02,4.04,3.67,3.78,77923240,NIO
2020-02-03 01:00:00,3.535,4.11,3.52,4.06,74051574,NIO
2020-02-04 01:00:00,4.2899,4.7,4.16,4.51,123640368,NIO
2020-02-05 01:00:00,4.37,4.48,4.13,4.39,73632529,NIO
2020-02-06 01:00:00,4.2,4.33,4.05,4.08,75641235,NIO
2020-02-07 01:00:00,4.02,4.02,3.74,3.81,80780664,NIO
2020-02-10 01:00:00,3.67,3.91,3.6187,3.87,67157664,NIO
2020-02-11 01:00:00,3.83,4.05,3.8,3.96,54097105,NIO
2020-02-12 01:00:00,4.0,4.2,3.98,4.07,50975290,NIO
2020-02-13 01:00:00,3.95,4.05,3.86,4.03,42411229,NIO
2020-02-14 01:00:00,4.02,4.035,3.75,3.77,69655607,NIO
2020-02-18 01:00:00,3.9,3.98,3.76,3.8,47957233,NIO
2020-02-19 01:00:00,3.93,4.1,3.86,4.08,73256322,NIO
2020-02-20 01:00:00,4.1,4.4,4.01,4.26,86873471,NIO
2020-02-21 01:00:00,4.2,4.2,4.02,4.08,40482810,NIO
2020-02-24 01:00:00,3.79,3.935,3.76,3.88,56247056,NIO
2020-02-25 01:00:00,5.18,5.19,4.24,4.4,206259361,NIO
2020-02-26 01:00:00,4.5,4.71,4.3,4.34,69730248,NIO
2020-02-27 01:00:00,4.09,4.3,3.92,4.14,77846721,NIO
2020-02-28 01:00:00,3.96,4.14,3.87,4.13,63782042,NIO
2020-03-02 01:00:00,4.15,4.19,3.9,4.11,56063195,NIO
2020-03-03 01:00:00,4.08,4.21,3.95,4.06,47644480,NIO
2020-03-04 01:00:00,4.03,4.07,3.77,3.87,49465751,NIO
2020-03-05 01:00:00,3.78,3.89,3.68,3.72,72697795,NIO
2020-03-06 01:00:00,3.62,3.66,3.42,3.55,61238072,NIO
2020-03-09 01:00:00,3.01,3.54,2.99,3.29,55305328,NIO
2020-03-10 01:00:00,3.49,3.54,3.29,3.5,34928387,NIO
2020-03-11 01:00:00,3.4,3.53,3.26,3.32,31602952,NIO
2020-03-12 01:00:00,3.06,3.23,2.98,3.13,52438300,NIO
2020-03-13 01:00:00,3.28,3.33,2.99,3.11,41770356,NIO
2020-03-16 01:00:00,2.87,3.11,2.75,2.94,41266247,NIO
2020-03-17 01:00:00,2.97,3.12,2.79,2.9,34862223,NIO
2020-03-18 01:00:00,2.4,2.58,2.11,2.43,94431908,NIO
2020-03-19 01:00:00,2.3,2.55,2.23,2.38,35499023,NIO
2020-03-20 01:00:00,2.49,2.64,2.35,2.4,50528427,NIO
2020-03-23 01:00:00,2.34,2.37,2.15,2.37,47435199,NIO
2020-03-24 01:00:00,2.55,2.75,2.4,2.6,64750139,NIO
2020-03-25 01:00:00,2.72,2.99,2.6,2.76,56588262,NIO
2020-03-26 01:00:00,2.81,3.07,2.78,2.93,43672211,NIO
2020-03-27 01:00:00,2.85,2.89,2.76,2.84,25131985,NIO
2020-03-30 01:00:00,2.81,2.83,2.7,2.71,20115309,NIO
2020-03-31 01:00:00,2.83,2.88,2.68,2.78,30261362,NIO
2020-04-01 01:00:00,2.63,2.76,2.6,2.65,17153763,NIO
2020-04-02 01:00:00,2.51,2.59,2.22,2.39,58942739,NIO
2020-04-03 01:00:00,2.45,2.4896,2.33,2.4,19519520,NIO
2020-04-06 01:00:00,2.48,2.55,2.4,2.47,34866687,NIO
2020-04-07 01:00:00,2.81,2.81,2.65,2.7,46149560,NIO
2020-04-08 01:00:00,2.76,2.8,2.71,2.74,18312875,NIO
2020-04-09 01:00:00,2.82,2.82,2.63,2.67,32810030,NIO
2020-04-13 01:00:00,2.67,2.97,2.63,2.97,38421697,NIO
2020-04-14 01:00:00,3.15,3.16,2.92,3.01,36479030,NIO
2020-04-15 01:00:00,2.95,3.2,2.88,3.2,27529755,NIO
2020-04-16 01:00:00,3.3,3.41,3.2,3.25,37801727,NIO
2020-04-17 01:00:00,3.36,3.36,3.15,3.21,22031931,NIO
2020-04-20 01:00:00,3.18,3.35,3.05,3.19,18691695,NIO
2020-04-21 01:00:00,3.1,3.22,3.01,3.02,19789694,NIO
2020-04-22 01:00:00,3.09,3.15,3.05,3.09,14539905,NIO
2020-04-23 01:00:00,3.2,3.2,3.05,3.06,17434236,NIO
2020-04-24 01:00:00,3.08,3.1,2.91,2.94,22126196,NIO
2020-04-27 01:00:00,3.0,3.26,2.95,3.24,35641149,NIO
2020-04-28 01:00:00,3.4,3.445,3.2,3.34,36326767,NIO
2020-04-29 01:00:00,3.83,3.98,3.59,3.61,89238832,NIO
2020-04-30 01:00:00,3.63,3.72,3.37,3.41,44540375,NIO
2020-05-01 01:00:00,3.3,3.33,3.12,3.18,31268889,NIO
2020-05-04 01:00:00,3.08,3.36,3.08,3.34,23387494,NIO
2020-05-05 01:00:00,3.44,3.48,3.28,3.28,22315754,NIO
2020-05-06 01:00:00,3.59,3.65,3.45,3.62,54347841,NIO
2020-05-07 01:00:00,3.63,3.67,3.52,3.63,26736688,NIO
2020-05-08 01:00:00,3.68,3.8,3.6,3.77,27861737,NIO
2020-05-11 01:00:00,3.72,3.77,3.66,3.74,16585587,NIO
2020-05-12 01:00:00,3.74,3.78,3.61,3.62,21943797,NIO
2020-05-13 01:00:00,3.64,3.68,3.32,3.44,34034713,NIO
2020-05-14 01:00:00,3.33,3.52,3.27,3.45,20936412,NIO
2020-05-15 01:00:00,3.37,3.45,3.36,3.37,13698986,NIO
2020-05-18 01:00:00,3.5,3.69,3.5,3.61,27830213,NIO
2020-05-19 01:00:00,3.62,3.75,3.59,3.69,21707392,NIO
2020-05-20 01:00:00,3.76,3.82,3.4,3.48,52056914,NIO
2020-05-21 01:00:00,3.4,3.44,3.2325,3.33,41628387,NIO
2020-05-22 01:00:00,3.33,3.34,3.18,3.27,22887346,NIO
2020-05-26 01:00:00,3.42,3.83,3.4,3.82,59847911,NIO
2020-05-27 01:00:00,4.01,4.2,3.9,4.17,70718928,NIO
2020-05-28 01:00:00,3.98,4.12,3.75,3.83,63097393,NIO
2020-05-29 01:00:00,3.82,4.0,3.73,3.98,50395382,NIO
2020-06-01 01:00:00,4.0,4.33,3.96,4.26,69221995,NIO
2020-06-02 01:00:00,4.36,4.73,4.35,4.7,82476550,NIO
2020-06-03 01:00:00,5.0,5.7,4.98,5.6,199209999,NIO
2020-06-04 01:00:00,6.01,6.2,5.61,5.97,173052558,NIO
2020-06-05 01:00:00,6.03,6.075,5.52,5.59,90811832,NIO
2020-06-08 01:00:00,5.81,6.08,5.68,5.97,85951553,NIO
2020-06-09 01:00:00,5.84,6.83,5.76,6.68,136907947,NIO
2020-06-10 01:00:00,6.72,6.95,6.16,6.3,100170711,NIO
2020-06-11 01:00:00,5.79,6.09,5.66,5.91,126509667,NIO
2020-06-12 01:00:00,6.2,6.32,5.92,6.1,59838813,NIO
2020-06-15 01:00:00,5.97,6.99,5.92,6.83,113694401,NIO
2020-06-16 01:00:00,7.43,7.44,6.53,6.99,130478555,NIO
2020-06-17 01:00:00,6.93,6.98,6.58,6.84,58927254,NIO
2020-06-18 01:00:00,6.8,7.36,6.78,7.18,78846410,NIO
2020-06-19 01:00:00,7.36,7.63,7.23,7.34,84604158,NIO
2020-06-22 01:00:00,7.86,7.9,7.38,7.43,112976003,NIO
2020-06-23 01:00:00,7.55,7.685,7.19,7.23,79863471,NIO
2020-06-24 01:00:00,6.93,7.08,6.5,6.86,103888622,NIO
2020-06-25 01:00:00,6.66,7.145,6.6,7.08,46660264,NIO
2020-06-26 01:00:00,7.03,7.18,6.8,6.9,33596811,NIO
2020-06-29 01:00:00,6.98,7.25,6.71,7.23,46070443,NIO
2020-06-30 01:00:00,7.21,7.75,7.12,7.72,84485467,NIO
2020-07-01 01:00:00,7.79,7.99,7.67,7.91,64842602,NIO
2020-07-02 01:00:00,9.05,9.4,8.7,9.38,221496676,NIO
2020-07-06 01:00:00,11.05,12.3,10.93,11.51,329223790,NIO
2020-07-07 01:00:00,11.26,13.77,10.7,13.22,444070512,NIO
2020-07-08 01:00:00,14.1,15.28,12.0,12.88,570911389,NIO
2020-07-09 01:00:00,13.5,14.63,13.07,14.57,316792032,NIO
2020-07-10 01:00:00,15.61,15.73,14.2,14.98,318851254,NIO
2020-07-13 01:00:00,15.26,16.44,13.61,13.84,313460309,NIO
2020-07-14 01:00:00,13.25,14.13,12.42,14.09,196123156,NIO
2020-07-15 01:00:00,13.815,13.95,12.85,13.52,114603718,NIO
2020-07-16 01:00:00,12.46,13.16,12.45,12.94,134606317,NIO
2020-07-17 01:00:00,11.8603,12.07,10.46,11.09,290406302,NIO
2020-07-20 01:00:00,11.42,12.84,11.38,12.82,155428146,NIO
2020-07-21 01:00:00,13.45,13.58,12.62,12.88,128389109,NIO
2020-07-22 01:00:00,12.38,12.83,11.81,12.38,112260489,NIO
2020-07-23 01:00:00,12.59,12.63,11.85,12.15,95206301,NIO
2020-07-24 01:00:00,11.38,11.9,10.91,11.82,93425298,NIO
2020-07-27 01:00:00,12.03,12.09,11.27,11.69,64068520,NIO
2020-07-28 01:00:00,11.48,12.64,11.38,12.27,90075812,NIO
2020-07-29 01:00:00,12.65,13.0,12.431,12.7,69552555,NIO
2020-07-30 01:00:00,12.62,12.95,12.07,12.2,64952913,NIO
2020-07-31 01:00:00,12.41,12.59,11.73,11.94,61813807,NIO
2020-08-03 01:00:00,12.53,13.67,12.46,13.6,122925296,NIO
2020-08-04 01:00:00,14.46,14.53,13.22,13.64,125731370,NIO
2020-08-05 01:00:00,13.41,14.075,13.3739,13.92,60375033,NIO
2020-08-06 01:00:00,14.1,14.31,13.52,13.84,49787709,NIO
2020-08-07 01:00:00,13.54,13.73,13.2,13.42,57745964,NIO
2020-08-10 01:00:00,13.94,14.42,13.68,14.21,84267291,NIO
2020-08-11 01:00:00,15.3,15.45,12.94,12.99,181311514,NIO
2020-08-12 01:00:00,13.37,13.45,12.67,13.36,77471427,NIO
2020-08-13 01:00:00,13.45,13.64,13.17,13.36,50093545,NIO
2020-08-14 01:00:00,13.18,13.18,12.54,13.1,63250748,NIO
2020-08-17 01:00:00,13.07,14.05,13.06,14.05,78340481,NIO
2020-08-18 01:00:00,14.23,14.69,13.871,14.3,69962360,NIO
2020-08-19 01:00:00,14.29,14.41,13.85,14.06,41966837,NIO
2020-08-20 01:00:00,13.85,14.05,13.53,13.78,50072785,NIO
2020-08-21 01:00:00,13.64,14.58,13.62,14.12,70189908,NIO
2020-08-24 01:00:00,14.63,14.98,14.31,14.97,98697703,NIO
2020-08-25 01:00:00,15.08,17.87,15.06,17.84,299047816,NIO
2020-08-26 01:00:00,19.01,20.97,18.56,20.44,364104643,NIO
2020-08-27 01:00:00,19.99,20.47,18.76,19.88,199850277,NIO
2020-08-28 01:00:00,18.87,19.44,18.11,18.5,155242283,NIO
2020-08-31 01:00:00,17.19,19.83,16.82,19.03,226610901,NIO
2020-09-01 01:00:00,19.45,20.38,18.75,20.12,137644836,NIO
2020-09-02 01:00:00,20.92,21.05,18.5,19.9,153460601,NIO
2020-09-03 01:00:00,19.09,19.84,18.3526,18.7,128358422,NIO
2020-09-04 01:00:00,18.54,19.18,15.61,17.98,163329780,NIO
2020-09-08 01:00:00,17.17,17.86,16.51,17.03,89624571,NIO
2020-09-09 01:00:00,17.9,18.63,17.7,18.09,90988423,NIO
2020-09-10 01:00:00,18.49,18.72,17.49,17.74,79679834,NIO
2020-09-11 01:00:00,18.0,18.1,17.45,17.97,55373486,NIO
2020-09-14 01:00:00,18.18,18.78,17.9,18.73,68234902,NIO
2020-09-15 01:00:00,19.1,20.25,18.88,19.19,111630535,NIO
2020-09-16 01:00:00,19.27,19.54,18.52,19.01,57845793,NIO
2020-09-17 01:00:00,18.26,19.33,18.08,19.3,55186587,NIO
2020-09-18 01:00:00,19.72,19.88,18.94,19.41,54885511,NIO
2020-09-21 01:00:00,19.05,19.265,17.66,18.81,75969546,NIO
2020-09-22 01:00:00,18.48,19.45,18.37,19.23,61061116,NIO
2020-09-23 01:00:00,19.22,19.36,17.8,17.96,70568089,NIO
2020-09-24 01:00:00,17.32,18.39,16.75,17.85,71069510,NIO
2020-09-25 01:00:00,18.02,18.62,17.95,18.32,44122149,NIO
2020-09-28 01:00:00,18.88,19.16,18.43,18.81,42786232,NIO
2020-09-29 01:00:00,18.76,21.12,18.71,20.85,164378538,NIO
2020-09-30 01:00:00,21.72,22.59,20.76,21.22,183530455,NIO
2020-10-01 01:00:00,21.68,21.96,20.83,21.76,79117101,NIO
2020-10-02 01:00:00,20.83,22.2,20.8,21.18,92713560,NIO
2020-10-05 01:00:00,21.66,21.92,21.07,21.59,60860112,NIO
2020-10-06 01:00:00,21.71,21.94,20.6,20.67,73217119,NIO
2020-10-07 01:00:00,21.06,21.77,20.79,21.56,59354282,NIO
2020-10-08 01:00:00,22.05,22.45,21.29,21.44,77719581,NIO
2020-10-09 01:00:00,21.62,21.74,21.32,21.47,37328968,NIO
2020-10-12 01:00:00,21.88,22.18,21.55,21.85,45476830,NIO
2020-10-13 01:00:00,21.86,21.97,21.17,21.62,42581464,NIO
2020-10-14 01:00:00,23.98,26.96,23.73,26.5,387903255,NIO
2020-10-15 01:00:00,27.2,29.23,25.78,28.07,385210596,NIO
2020-10-16 01:00:00,29.18,29.4,27.94,28.48,186764680,NIO
2020-10-19 01:00:00,28.21,28.56,27.22,27.63,115708710,NIO
2020-10-20 01:00:00,27.42,28.3,27.05,27.96,105233416,NIO
2020-10-21 01:00:00,27.9,28.43,27.41,27.86,65357930,NIO
2020-10-22 01:00:00,28.15,28.28,26.81,27.38,72173307,NIO
2020-10-23 01:00:00,27.37,27.42,26.48,27.16,51784048,NIO
2020-10-26 01:00:00,26.61,27.35,25.46,26.01,72610347,NIO
2020-10-27 01:00:00,26.21,28.46,26.03,28.44,104257726,NIO
2020-10-28 01:00:00,27.92,28.1,26.51,27.51,89374938,NIO
2020-10-29 01:00:00,28.52,32.2,28.32,31.99,214034656,NIO
2020-10-30 01:00:00,31.39,31.59,30.03,30.58,136902610,NIO
2020-11-02 01:00:00,33.95,34.94,31.68,33.32,265719877,NIO
2020-11-03 01:00:00,33.57,35.87,32.78,35.5,217608105,NIO
2020-11-04 01:00:00,37.44,39.75,35.82,37.71,339385872,NIO
2020-11-05 01:00:00,38.78,42.49,38.25,42.35,302472617,NIO
2020-11-06 01:00:00,41.09,43.3,40.05,41.63,288784336,NIO
2020-11-09 01:00:00,41.65,45.29,40.38,44.02,218733282,NIO
2020-11-10 01:00:00,44.5,45.2,38.11,41.55,237403589,NIO
2020-11-11 01:00:00,39.71,43.23,38.64,43.08,179581150,NIO
2020-11-12 01:00:00,44.475,49.35,43.95,48.3,348326322,NIO
2020-11-13 01:00:00,51.29,54.2,40.55,44.56,579069870,NIO
2020-11-16 01:00:00,41.115,45.85,41.1,45.58,306209088,NIO
2020-11-17 01:00:00,47.57,49.37,44.96,46.59,345578529,NIO
2020-11-18 01:00:00,45.75,46.7213,42.5,45.06,271678314,NIO
2020-11-19 01:00:00,45.36,48.92,44.68,48.45,233779148,NIO
2020-11-20 01:00:00,48.27,50.59,47.88,49.25,209106333,NIO
2020-11-23 01:00:00,50.86,55.7,50.48,55.38,270203004,NIO
2020-11-24 01:00:00,56.99,57.2,51.5,53.51,243669739,NIO
2020-11-25 01:00:00,49.98,53.99,49.25,53.69,204508537,NIO
2020-11-27 01:00:00,54.86,55.55,52.6,54.0,105795118,NIO
2020-11-30 01:00:00,54.21,54.39,48.18,50.53,179765439,NIO
2020-12-01 01:00:00,52.02,52.1,44.05,45.36,248227003,NIO
2020-12-02 01:00:00,40.16,48.0,38.43,47.98,313028276,NIO
2020-12-03 01:00:00,47.9,48.65,45.21,45.35,173424045,NIO
2020-12-04 01:00:00,44.66,45.16,41.65,43.04,191969939,NIO
2020-12-07 01:00:00,42.5,46.32,42.41,45.11,165048508,NIO
2020-12-08 01:00:00,47.21,48.3,45.67,46.56,115799572,NIO
2020-12-09 01:00:00,47.08,47.2,42.96,44.01,121387875,NIO
2020-12-10 01:00:00,42.44,45.67,41.89,45.22,107376836,NIO
2020-12-11 01:00:00,42.48,43.63,41.26,41.98,147076119,NIO
2020-12-14 01:00:00,39.94,41.48,39.51,40.98,171598161,NIO
2020-12-15 01:00:00,42.47,43.84,41.27,43.5,132336854,NIO
2020-12-16 01:00:00,44.25,45.26,43.33,44.67,120109589,NIO
2020-12-17 01:00:00,45.17,46.05,43.895,46.0,130003721,NIO
2020-12-18 01:00:00,45.89,48.0,45.52,46.72,126251125,NIO
2020-12-21 01:00:00,45.63,49.49,45.02,48.95,132558077,NIO
2020-12-22 01:00:00,49.61,49.84,46.53,47.58,117428420,NIO
2020-12-23 01:00:00,47.48,48.36,45.81,47.01,81247871,NIO
2020-12-24 01:00:00,46.88,47.1299,45.35,45.77,60582516,NIO
2020-12-28 01:00:00,46.67,46.85,43.67,44.06,105078017,NIO
2020-12-29 01:00:00,43.7,46.275,42.2262,46.14,120689925,NIO
2020-12-30 01:00:00,46.5,48.38,45.72,48.38,116691714,NIO
2020-12-31 01:00:00,48.46,50.5,47.77,48.74,129344311,NIO
2021-01-04 01:00:00,51.2,54.4469,50.6701,53.49,213109730,NIO
2021-01-05 01:00:00,51.97,53.75,50.4,53.2,147474785,NIO
2021-01-06 01:00:00,54.02,55.2764,49.08,50.5,176397696,NIO
2021-01-07 01:00:00,53.05,54.61,52.35,54.28,119429215,NIO
2021-01-08 01:00:00,57.76,59.31,55.88,58.92,218512753,NIO
2021-01-11 01:00:00,64.95,66.99,62.19,62.7,279770329,NIO
2021-01-12 01:00:00,61.42,64.13,60.42,62.04,184854185,NIO
2021-01-13 01:00:00,62.94,64.4069,61.41,62.15,116059201,NIO
2021-01-14 01:00:00,62.63,63.23,60.04,60.87,99338396,NIO
2021-01-15 01:00:00,59.84,60.22,55.67,56.27,132247850,NIO
2021-01-19 01:00:00,58.21,59.005,56.41,58.44,99561083,NIO
2021-01-20 01:00:00,59.85,60.09,56.19,57.71,94983634,NIO
2021-01-21 01:00:00,57.02,58.58,55.88,58.34,73119519,NIO
2021-01-22 01:00:00,58.95,62.17,58.32,61.95,133918072,NIO
2021-01-25 01:00:00,64.05,64.52,58.35,59.99,111986446,NIO
2021-01-26 01:00:00,60.04,60.67,58.64,60.31,70393251,NIO
2021-01-27 01:00:00,57.95,59.79,56.6,57.15,73078254,NIO
2021-01-28 01:00:00,56.76,59.46,55.15,58.37,73955136,NIO
2021-01-29 01:00:00,59.03,60.71,56.44,57.0,78678189,NIO
2021-02-01 01:00:00,59.07,59.12,54.37,56.99,79878684,NIO
2021-02-02 01:00:00,57.06,57.54,54.51,55.77,66234141,NIO
2021-02-03 01:00:00,55.96,58.72,54.84,57.98,80122323,NIO
2021-02-04 01:00:00,58.79,59.1994,57.11,57.6,48667912,NIO
2021-02-05 01:00:00,57.74,57.98,56.01,56.67,43057521,NIO
2021-02-08 01:00:00,57.08,59.52,56.18,59.07,64264889,NIO
2021-02-09 01:00:00,58.95,63.1,58.24,62.84,97246457,NIO
2021-02-10 01:00:00,62.55,64.6,60.33,61.26,90366669,NIO
2021-02-11 01:00:00,61.69,63.06,59.81,60.27,55732763,NIO
2021-02-12 01:00:00,60.26,61.05,59.1,59.85,40233076,NIO
2021-02-16 01:00:00,60.4,62.14,58.65,59.23,55084124,NIO
2021-02-17 01:00:00,57.92,58.03,55.9,57.32,64196824,NIO
2021-02-18 01:00:00,55.45,56.38,52.6,54.43,62505700,NIO
2021-02-19 01:00:00,55.72,56.04,54.1,55.04,43020690,NIO
2021-02-22 01:00:00,54.18,54.37,50.4,50.68,68831332,NIO
2021-02-23 01:00:00,45.62,49.67,41.66,49.11,142544334,NIO
2021-02-24 01:00:00,49.31,52.07,47.7501,51.86,82488559,NIO
2021-02-25 01:00:00,51.6,51.85,46.01,46.81,95513768,NIO
2021-02-26 01:00:00,47.0,47.95,44.62,45.78,100315494,NIO
2021-03-01 01:00:00,48.55,50.42,47.63,49.76,94238457,NIO
2021-03-02 01:00:00,46.11,47.13,42.66,43.29,161334043,NIO
2021-03-03 01:00:00,44.58,45.08,41.1101,41.53,107863416,NIO
2021-03-04 01:00:00,40.49,42.43,37.59,39.28,205872717,NIO
2021-03-05 01:00:00,39.24,39.87,31.91,38.11,270803185,NIO
2021-03-08 01:00:00,36.97,39.48,34.9,35.21,143074823,NIO
2021-03-09 01:00:00,37.48,42.08,36.52,41.35,176602616,NIO
2021-03-10 01:00:00,43.5,45.26,40.25,41.32,190801837,NIO
2021-03-11 01:00:00,44.4365,46.1615,42.8,46.03,134788014,NIO
2021-03-12 01:00:00,43.51,45.8,42.76,45.5,113460142,NIO
2021-03-15 01:00:00,45.55,46.29,44.38,44.93,74435728,NIO
2021-03-16 01:00:00,45.04,45.66,43.17,43.68,84361397,NIO
2021-03-17 01:00:00,41.9,45.0237,41.33,44.76,96149982,NIO
2021-03-18 01:00:00,43.3,44.26,41.45,41.63,71356100,NIO
2021-03-19 01:00:00,41.44,43.4,40.44,43.35,97657203,NIO
2021-03-22 01:00:00,44.07,44.56,42.58,42.94,72838501,NIO
2021-03-23 01:00:00,42.58,43.11,40.98,41.18,58542301,NIO
2021-03-24 01:00:00,41.2,41.29,36.58,36.96,130695023,NIO
2021-03-25 01:00:00,35.24,39.19,35.12,37.94,118082037,NIO
2021-03-26 01:00:00,35.65,36.65,34.0,36.13,163039674,NIO
2021-03-29 01:00:00,35.26,36.84,34.5,35.51,83188208,NIO
2021-03-30 01:00:00,35.2,37.96,34.61,37.55,106153482,NIO
2021-03-31 01:00:00,38.96,39.25,37.45,38.98,98298413,NIO
2021-04-01 01:00:00,41.56,42.06,39.25,39.66,116305475,NIO
2021-04-05 01:00:00,40.54,40.65,38.72,39.31,71418397,NIO
2021-04-06 01:00:00,38.83,40.39,38.42,40.0,67969401,NIO
2021-04-07 01:00:00,39.7,39.85,36.95,37.27,80022787,NIO
2021-04-08 01:00:00,37.62,39.1809,37.47,38.7,63691974,NIO
2021-04-09 01:00:00,38.355,38.36,37.01,38.12,69272695,NIO
2021-04-12 01:00:00,37.96,38.0,36.76,37.14,53428087,NIO
2021-04-13 01:00:00,37.48,38.66,37.33,38.48,62005707,NIO
2021-04-14 01:00:00,39.23,39.33,36.79,37.02,78453961,NIO
2021-04-15 01:00:00,37.02,37.059,34.56,35.66,100437437,NIO
2021-04-16 01:00:00,34.69,36.54,34.06,36.09,84477372,NIO
2021-04-19 01:00:00,36.78,37.54,35.36,36.78,92190701,NIO
2021-04-20 01:00:00,37.17,37.8195,35.94,36.93,71208639,NIO
2021-04-21 01:00:00,36.53,38.96,36.16,38.9,77449226,NIO
2021-04-22 01:00:00,38.99,40.45,38.49,39.57,115802700,NIO
2021-04-23 01:00:00,40.2,41.2,39.54,41.08,70578024,NIO
2021-04-26 01:00:00,41.96,43.22,40.86,42.62,88233498,NIO
2021-04-27 01:00:00,43.02,43.13,41.02,41.21,69998797,NIO
2021-04-28 01:00:00,40.74,41.95,40.44,41.19,57639580,NIO
2021-04-29 01:00:00,41.38,41.49,38.73,38.99,82660721,NIO
2021-04-30 01:00:00,37.73,41.22,37.35,39.84,116728743,NIO
2021-05-03 01:00:00,40.34,41.45,39.31,39.54,80089609,NIO
2021-05-04 01:00:00,38.99,39.32,36.92,37.93,78256842,NIO
2021-05-05 01:00:00,38.34,38.55,37.34,37.71,24239079,NIO
2021-05-06 01:00:00,37.49,38.04,35.77,36.68,71655969,NIO
2021-05-07 01:00:00,37.17,38.04,36.62,36.94,55551679,NIO
2021-05-10 01:00:00,36.78,36.79,34.3,34.33,92293915,NIO
2021-05-11 01:00:00,32.45,35.46,32.2,34.87,113418875,NIO
2021-05-12 01:00:00,34.38,35.125,33.48,33.68,75993697,NIO
2021-05-13 01:00:00,33.85,34.27,30.71,31.22,113686701,NIO
2021-05-14 01:00:00,31.94,33.6894,31.5609,33.42,80214305,NIO
2021-05-17 01:00:00,33.33,34.16,32.82,33.81,64020013,NIO
2021-05-18 01:00:00,34.01,34.78,33.2604,34.19,64929533,NIO
2021-05-19 01:00:00,32.98,33.46,32.5914,33.46,68799779,NIO
2021-05-20 01:00:00,33.98,34.51,33.64,34.33,48991744,NIO
2021-05-21 01:00:00,34.66,34.78,33.87,34.06,49568794,NIO
2021-05-24 01:00:00,34.26,36.49,33.56,35.89,67244425,NIO
2021-05-25 01:00:00,36.32,37.64,35.69,36.07,76628027,NIO
2021-05-26 01:00:00,36.25,38.08,36.0734,37.76,55928956,NIO
2021-05-27 01:00:00,37.95,38.98,37.182,38.91,53064377,NIO
2021-05-28 01:00:00,38.745,39.76,38.1737,38.62,58235958,NIO
2021-06-01 01:00:00,39.99,42.44,39.94,42.34,101544050,NIO
2021-06-02 01:00:00,42.15,42.88,40.95,41.16,66383529,NIO
2021-06-03 01:00:00,40.68,42.37,40.31,40.9,62437181,NIO
2021-06-04 01:00:00,41.43,42.325,41.15,41.94,40993649,NIO
2021-06-07 01:00:00,41.67,43.9,41.44,43.68,53261315,NIO
2021-06-08 01:00:00,44.46,44.89,42.82,43.56,50332250,NIO
2021-06-09 01:00:00,43.53,44.44,42.73,42.74,36363974,NIO
2021-06-10 01:00:00,42.67,43.43,42.16,42.76,34757316,NIO
2021-06-11 01:00:00,42.93,46.26,42.76,45.68,85733888,NIO
2021-06-14 01:00:00,45.95,47.25,45.58,46.55,65288403,NIO
2021-06-15 01:00:00,46.21,46.38,45.04,45.15,44755616,NIO
2021-06-16 01:00:00,44.23,45.125,43.77,45.02,47381522,NIO
2021-06-17 01:00:00,45.05,47.755,44.86,47.36,64895522,NIO
2021-06-18 01:00:00,47.68,48.365,46.59,46.91,90778425,NIO
2021-06-21 01:00:00,46.55,46.99,45.07,46.51,44475666,NIO
2021-06-22 01:00:00,45.86,46.5474,43.81,44.1,61387323,NIO
2021-06-23 01:00:00,44.97,45.98,44.61,45.41,39493502,NIO
2021-06-24 01:00:00,45.91,46.59,45.24,45.46,37680663,NIO
2021-06-25 01:00:00,45.78,45.94,44.88,45.07,32605434,NIO
2021-06-28 01:00:00,45.72,49.65,45.5501,49.4,90202839,NIO
2021-06-29 01:00:00,49.15,50.61,48.55,50.34,64800079,NIO
2021-06-30 01:00:00,50.58,53.8399,50.55,53.2,92031135,NIO
2021-07-01 01:00:00,54.77,55.13,50.27,50.9,124531435,NIO
2021-07-02 01:00:00,51.26,51.4746,48.5291,50.4,78731636,NIO
2021-07-06 01:00:00,49.4,51.7399,49.18,50.29,67705501,NIO
2021-07-07 01:00:00,50.2,50.55,45.75,46.04,85812809,NIO
2021-07-08 01:00:00,43.86,46.26,42.73,45.6,93774764,NIO
2021-07-09 01:00:00,46.71,47.01,44.58,45.53,64622753,NIO
2021-07-12 01:00:00,45.97,46.8198,44.6,46.34,54668293,NIO
2021-07-13 01:00:00,46.2,46.91,44.93,44.96,44689113,NIO
2021-07-14 01:00:00,44.84,45.169,42.68,43.05,56805753,NIO
2021-07-15 01:00:00,43.26,44.77,42.68,43.68,55860363,NIO
2021-07-16 01:00:00,43.85,44.395,42.4,42.8,49929474,NIO
2021-07-19 01:00:00,41.49,43.67,40.48,43.35,65290097,NIO
2021-07-20 01:00:00,43.5997,44.41,42.4301,44.17,37932291,NIO
2021-07-21 01:00:00,44.1,47.38,44.0,46.77,59851679,NIO
2021-07-22 01:00:00,46.96,47.38,45.47,46.07,38936387,NIO
2021-07-23 01:00:00,43.67,44.5,42.495,43.99,49559126,NIO
2021-07-26 01:00:00,42.67,44.88,41.93,43.17,54759204,NIO
2021-07-27 01:00:00,42.44,43.3,38.66,39.36,102713986,NIO
2021-07-28 01:00:00,40.91,42.0,39.79,41.84,59207215,NIO
2021-07-29 01:00:00,42.25,43.3,41.64,42.62,46847594,NIO
2021-07-30 01:00:00,42.23,45.2,41.53,44.68,66262677,NIO
2021-08-02 01:00:00,44.65,46.78,44.3,45.85,68453252,NIO
2021-08-03 01:00:00,45.23,45.8,43.76,44.57,46029328,NIO
2021-08-04 01:00:00,45.47,45.8,44.56,45.09,35453584,NIO
2021-08-05 01:00:00,44.75,46.3,44.015,45.6,33362579,NIO
2021-08-06 01:00:00,45.55,45.8,43.45,43.84,38016391,NIO
2021-08-09 01:00:00,43.7,45.48,43.7,45.21,30548702,NIO
2021-08-10 01:00:00,45.47,46.38,44.1,44.22,29572820,NIO
2021-08-11 01:00:00,44.71,45.12,43.15,43.97,33805186,NIO
2021-08-12 01:00:00,44.35,44.4,41.55,42.47,50759392,NIO
2021-08-13 01:00:00,41.9,42.28,40.61,41.03,39161142,NIO
2021-08-16 01:00:00,39.46,39.6,38.07,38.62,66592017,NIO
2021-08-17 01:00:00,37.46,39.02,36.83,38.1,60838017,NIO
2021-08-18 01:00:00,38.49,39.63,37.945,38.86,48277641,NIO
2021-08-19 01:00:00,37.89,38.15,36.24,36.29,56718044,NIO
2021-08-20 01:00:00,36.63,37.9,36.6,36.92,43491283,NIO
2021-08-23 01:00:00,37.44,38.38,37.04,38.17,39610090,NIO
2021-08-24 01:00:00,39.24,39.61,38.63,38.94,37927497,NIO
2021-08-25 01:00:00,38.66,39.14,38.182,38.95,25641280,NIO
2021-08-26 01:00:00,38.63,39.7375,37.815,38.26,34432032,NIO
2021-08-27 01:00:00,38.23,38.47,37.83,38.05,23496731,NIO
2021-08-30 01:00:00,38.17,38.28,36.64,37.8,38127959,NIO
2021-08-31 01:00:00,38.24,39.39,37.9,39.31,44942246,NIO
2021-09-01 01:00:00,37.49,39.93,37.2,39.08,56911487,NIO
2021-09-02 01:00:00,39.065,41.02,38.9,40.35,43900697,NIO
2021-09-03 01:00:00,40.11,40.965,39.831,40.37,30385247,NIO
2021-09-07 01:00:00,40.85,41.86,40.59,40.59,35292646,NIO
2021-09-08 01:00:00,39.17,39.426,37.81,38.14,51800000,NIO
2021-09-09 01:00:00,37.98,38.85,37.55,38.45,33812018,NIO
2021-09-10 01:00:00,38.62,39.52,37.895,37.98,29273633,NIO
2021-09-13 01:00:00,38.01,38.39,36.5629,38.39,38410021,NIO
2021-09-14 01:00:00,38.49,39.4,37.69,37.89,30857168,NIO
2021-09-15 01:00:00,38.0,38.15,36.95,38.03,27049398,NIO
2021-09-16 01:00:00,37.54,37.67,36.74,37.09,33023127,NIO
2021-09-17 01:00:00,37.3,37.57,36.97,37.51,29615381,NIO
2021-09-20 01:00:00,36.11,36.315,34.54,35.17,57611743,NIO
2021-09-21 01:00:00,35.52,35.8199,34.88,34.9,31706648,NIO
2021-09-22 01:00:00,35.21,35.825,35.12,35.7,26608046,NIO
2021-09-23 01:00:00,36.2,36.5,35.57,36.01,27152710,NIO
2021-09-24 01:00:00,35.59,36.07,35.2,35.38,23755076,NIO
2021-09-27 01:00:00,35.43,36.86,34.425,36.77,36092964,NIO
2021-09-28 01:00:00,36.28,37.03,34.9301,35.05,37507903,NIO
2021-09-29 01:00:00,35.44,36.36,35.02,35.13,33553353,NIO
2021-09-30 01:00:00,35.63,35.98,35.29,35.63,25768519,NIO
2021-10-01 01:00:00,36.63,36.6698,35.26,35.38,34919921,NIO
2021-10-04 01:00:00,35.02,35.02,33.275,33.4,40823090,NIO
2021-10-05 01:00:00,33.3,34.31,33.27,33.87,26441261,NIO
2021-10-06 01:00:00,33.41,34.1598,33.17,33.66,22885077,NIO
2021-10-07 01:00:00,35.44,36.64,34.91,35.99,67945224,NIO
2021-10-08 01:00:00,36.44,36.55,35.83,35.83,31959804,NIO
2021-10-11 01:00:00,36.09,36.52,35.53,35.64,25400149,NIO
2021-10-12 01:00:00,35.7,36.045,35.18,35.51,26591961,NIO
2021-10-13 01:00:00,35.78,36.68,35.47,36.24,33439639,NIO
2021-10-14 01:00:00,36.21,36.45,35.605,36.28,29898439,NIO
2021-10-15 01:00:00,36.99,38.29,36.935,37.71,48168966,NIO
2021-10-18 01:00:00,37.49,39.84,37.27,39.61,43499423,NIO
2021-10-19 01:00:00,40.27,40.8999,39.56,40.03,37820034,NIO
2021-10-20 01:00:00,39.97,40.34,39.16,39.78,25120668,NIO
2021-10-21 01:00:00,39.51,40.605,39.37,39.97,25389088,NIO
2021-10-22 01:00:00,39.96,40.39,38.54,38.88,28015498,NIO
2021-10-25 01:00:00,39.4,41.42,39.24,41.27,46935630,NIO
2021-10-26 01:00:00,41.29,42.61,40.47,40.47,55875366,NIO
2021-10-27 01:00:00,40.9,41.28,39.255,39.31,28750948,NIO
2021-10-28 01:00:00,39.53,40.8,39.19,40.79,32774177,NIO
2021-10-29 01:00:00,40.25,40.55,39.21,39.41,33423087,NIO
2021-11-01 01:00:00,38.11,40.84,38.11,40.84,53062537,NIO
2021-11-02 01:00:00,40.47,42.4934,40.2,41.3,46243612,NIO
2021-11-03 01:00:00,41.98,42.4099,40.63,41.5,34202140,NIO
2021-11-04 01:00:00,42.76,44.0,42.5,43.12,53634404,NIO
2021-11-05 01:00:00,43.52,43.52,41.8204,42.29,33048651,NIO
2021-11-08 01:00:00,42.65,44.27,42.28,43.2,38487866,NIO
2021-11-09 01:00:00,43.49,43.8,40.6,40.64,49158030,NIO
2021-11-10 01:00:00,40.89,42.09,38.83,39.55,48507260,NIO
2021-11-11 01:00:00,40.89,42.22,40.3535,42.2,39933984,NIO
2021-11-12 01:00:00,42.69,43.55,41.91,42.67,34743056,NIO
2021-11-15 01:00:00,42.6,42.69,40.02,40.57,47571747,NIO
2021-11-16 01:00:00,40.89,41.3,40.02,40.67,37098978,NIO
2021-11-17 01:00:00,40.57,40.92,39.07,39.67,35829920,NIO
2021-11-18 01:00:00,39.0,39.44,37.45,38.41,42260165,NIO
2021-11-19 01:00:00,38.59,39.0999,38.0,38.66,30069135,NIO
2021-11-22 01:00:00,40.42,42.84,40.25,41.49,70987477,NIO
2021-11-23 01:00:00,41.5,43.12,40.47,42.04,55094260,NIO
2021-11-24 01:00:00,41.7,42.51,40.89,41.42,33467162,NIO
2021-11-26 01:00:00,39.4,40.3431,39.1,39.99,30468526,NIO
2021-11-29 01:00:00,40.85,41.2,39.4935,40.46,35113870,NIO
2021-11-30 01:00:00,40.37,41.42,38.355,39.13,47970901,NIO
2021-12-01 01:00:00,40.41,40.83,38.2,38.31,48129781,NIO
2021-12-02 01:00:00,38.832,39.68,34.02,36.2,85263177,NIO
2021-12-03 01:00:00,34.58,35.22,31.5,32.15,106366591,NIO
2021-12-06 01:00:00,32.35,33.32,29.66,32.34,70041660,NIO
2021-12-07 01:00:00,34.44,34.52,32.68,33.12,51769738,NIO
2021-12-08 01:00:00,33.82,35.3,33.05,35.05,48881023,NIO
2021-12-09 01:00:00,34.875,35.55,33.9,34.05,36271413,NIO
2021-12-10 01:00:00,33.9,34.55,33.25,34.26,32196330,NIO
2021-12-13 01:00:00,33.68,34.6697,32.9,33.66,31857904,NIO
2021-12-14 01:00:00,32.23,32.38,31.2,32.3,45998516,NIO
2021-12-15 01:00:00,31.5,31.84,29.06,30.79,80802072,NIO
2021-12-16 01:00:00,31.05,31.64,29.75,30.07,42744138,NIO
2021-12-17 01:00:00,29.53,30.51,28.02,30.0,54537345,NIO
2021-12-20 01:00:00,29.45,29.46,27.79,28.16,56945607,NIO
2021-12-21 01:00:00,28.73,30.25,28.6658,30.16,73653171,NIO
2021-12-22 01:00:00,29.56,30.38,29.33,29.85,38368899,NIO
2021-12-23 01:00:00,29.61,30.8,28.97,30.52,38379713,NIO
2021-12-27 01:00:00,30.39,31.3209,29.81,29.96,36081100,NIO
2021-12-28 01:00:00,29.88,30.19,29.47,29.63,28807151,NIO
2021-12-29 01:00:00,29.555,29.62,27.52,28.25,51169727,NIO
2021-12-30 01:00:00,27.89,33.04,27.8,32.42,137245844,NIO
2021-12-31 01:00:00,32.04,32.98,31.6627,31.68,67569236,NIO
2022-01-03 01:00:00,33.52,33.8,31.88,33.47,64409566,NIO
2022-01-04 01:00:00,33.35,33.39,31.11,31.58,47866761,NIO
2022-01-05 01:00:00,30.97,31.94,29.78,29.88,42442725,NIO
2022-01-06 01:00:00,30.01,30.54,28.28,29.31,48723158,NIO
2022-01-07 01:00:00,29.45,30.42,28.78,29.3,40781546,NIO
2022-01-10 01:00:00,29.0,29.155,27.78,28.91,44833597,NIO
2022-01-11 01:00:00,28.85,30.4383,28.47,30.02,41475695,NIO
2022-01-12 01:00:00,31.2,31.86,30.34,31.68,54271691,NIO
2022-01-13 01:00:00,31.68,31.85,30.48,30.48,35401253,NIO
2022-01-14 01:00:00,30.28,31.32,30.08,30.95,34862552,NIO
2022-01-18 01:00:00,30.0301,30.9099,29.595,29.61,33358030,NIO
2022-01-19 01:00:00,29.72,30.1471,28.605,28.63,34011846,NIO
2022-01-20 01:00:00,29.46,30.88,29.05,29.13,45217097,NIO
2022-01-21 01:00:00,28.98,28.9902,27.22,27.35,60210526,NIO
2022-01-24 01:00:00,25.73,25.98,23.1,24.87,94328983,NIO
2022-01-25 01:00:00,24.16,25.01,23.38,23.79,53046976,NIO
2022-01-26 01:00:00,24.6,24.78,22.53,22.66,72125662,NIO
2022-01-27 01:00:00,22.8,22.8092,20.96,21.11,78287903,NIO
2022-01-28 01:00:00,20.66,21.32,19.31,20.9,96701088,NIO
2022-01-31 01:00:00,21.73,24.64,21.6,24.51,96028798,NIO
2022-02-01 01:00:00,24.89,25.23,23.56,24.84,81994298,NIO
2022-02-02 01:00:00,24.89,24.89,23.01,23.76,60475381,NIO
2022-02-03 01:00:00,22.96,24.62,22.95,23.13,55361292,NIO
2022-02-04 01:00:00,23.46,24.32,22.73,23.96,45771717,NIO
2022-02-07 01:00:00,23.78,24.78,23.53,23.99,39661848,NIO
2022-02-08 01:00:00,23.99,24.86,23.54,24.69,42607164,NIO
2022-02-09 01:00:00,25.4465,26.24,25.045,26.1,56547708,NIO
2022-02-10 01:00:00,25.05,26.405,25.02,25.35,54337707,NIO
2022-02-11 01:00:00,24.99,25.68,23.7,24.1,47870128,NIO
2022-02-14 01:00:00,23.76,24.54,23.34,23.79,41441607,NIO
2022-02-15 01:00:00,24.31,25.8401,24.2,25.79,47215175,NIO
2022-02-16 01:00:00,25.4,25.84,25.05,25.61,32627201,NIO
2022-02-17 01:00:00,25.24,26.27,24.65,24.72,34541638,NIO
2022-02-18 01:00:00,24.78,24.7898,22.74,23.21,52112706,NIO
2022-02-22 01:00:00,22.36,22.96,21.32,21.77,56038239,NIO
2022-02-23 01:00:00,22.02,22.5,20.45,20.46,49465066,NIO
2022-02-24 01:00:00,18.5,21.3093,18.47,21.22,77198444,NIO
2022-02-25 01:00:00,21.33,21.57,20.19,20.94,56994033,NIO
2022-02-28 01:00:00,21.43,23.145,20.935,22.84,83996570,NIO
2022-03-01 01:00:00,22.56,23.345,21.73,21.87,50401982,NIO
2022-03-02 01:00:00,21.9,22.21,20.63,21.77,47212003,NIO
2022-03-03 01:00:00,21.73,21.81,19.7203,19.88,69419386,NIO
2022-03-04 01:00:00,20.09,20.29,18.55,18.63,68599391,NIO
2022-03-07 01:00:00,18.85,20.03,18.04,18.12,79649607,NIO
2022-03-08 01:00:00,18.23,18.75,17.58,17.98,74932445,NIO
2022-03-09 01:00:00,18.56,20.55,18.51,20.17,84306714,NIO
2022-03-10 01:00:00,19.0,19.1,17.22,17.77,105883566,NIO
2022-03-11 01:00:00,18.11,18.13,16.07,16.07,93265235,NIO
2022-03-14 01:00:00,15.09,15.74,13.821,14.1,115290320,NIO
2022-03-15 01:00:00,13.48,15.35,13.01,14.93,139771557,NIO
2022-03-16 01:00:00,17.64,18.77,16.783,18.75,168011668,NIO
2022-03-17 01:00:00,17.93,18.825,17.44,18.82,93328949,NIO
2022-03-18 01:00:00,18.83,21.2399,18.55,20.86,128531715,NIO
2022-03-21 01:00:00,20.75,21.2,19.33,20.26,89586416,NIO
2022-03-22 01:00:00,20.84,22.09,20.59,21.77,79808529,NIO
2022-03-23 01:00:00,21.6,22.6,20.89,21.87,88922037,NIO
2022-03-24 01:00:00,22.0,22.12,20.66,21.98,97155041,NIO
2022-03-25 01:00:00,20.31,20.75,19.35,19.91,106936164,NIO
2022-03-28 01:00:00,20.415,21.23,20.3201,21.21,75247211,NIO
2022-03-29 01:00:00,21.58,21.96,21.02,21.88,65946085,NIO
2022-03-30 01:00:00,21.83,23.86,21.63,22.17,114646541,NIO
2022-03-31 01:00:00,22.28,22.28,20.76,21.05,77641403,NIO
2022-04-01 01:00:00,22.41,23.22,21.56,21.93,110169251,NIO
2022-04-04 01:00:00,23.31,23.94,22.78,23.85,101886434,NIO
2022-04-05 01:00:00,23.97,23.98,22.44,22.47,69771971,NIO
2022-04-06 01:00:00,22.04,22.08,20.93,21.68,73501069,NIO
2022-04-07 01:00:00,21.49,21.68,19.725,20.36,82616961,NIO
2022-04-08 01:00:00,20.11,20.71,19.83,20.0,59574285,NIO
2022-04-11 01:00:00,18.05,20.07,17.77,19.7,93693818,NIO
2022-04-12 01:00:00,20.03,20.27,19.22,19.46,51210814,NIO
2022-04-13 01:00:00,19.55,20.56,19.03,20.42,57163188,NIO
2022-04-14 01:00:00,20.09,20.4,19.53,19.65,43937481,NIO
2022-04-18 01:00:00,19.51,19.64,18.51,19.17,40647451,NIO
2022-04-19 01:00:00,19.05,19.89,18.36,19.87,43394967,NIO
2022-04-20 01:00:00,19.38,19.45,18.065,18.15,53336375,NIO
2022-04-21 01:00:00,18.34,18.7,16.98,17.15,61501407,NIO
2022-04-22 01:00:00,17.35,18.29,17.12,17.18,60727306,NIO
2022-04-25 01:00:00,16.81,17.4186,16.18,17.31,54990872,NIO
2022-04-26 01:00:00,17.235,17.41,16.16,16.36,52771605,NIO
2022-04-27 01:00:00,16.52,17.6863,16.52,16.76,56633016,NIO
2022-04-28 01:00:00,16.9,17.24,15.91,16.93,53118544,NIO
2022-04-29 01:00:00,17.78,18.19,16.658,16.7,62933918,NIO
2022-05-02 01:00:00,16.53,17.5,16.4,17.5,56156154,NIO
2022-05-03 01:00:00,17.29,17.84,16.95,17.53,44062239,NIO
2022-05-04 01:00:00,17.18,18.215,16.72,18.13,53869898,NIO
2022-05-05 01:00:00,17.41,17.52,14.87,15.38,95761704,NIO
2022-05-06 01:00:00,15.61,15.8135,14.46,14.92,57655129,NIO
2022-05-09 01:00:00,14.33,14.525,13.48,13.55,63121038,NIO
2022-05-10 01:00:00,14.26,14.68,12.86,13.44,77181784,NIO
2022-05-11 01:00:00,13.79,14.355,12.64,12.71,86081345,NIO
2022-05-12 01:00:00,12.48,13.7499,11.67,13.1,83180607,NIO
2022-05-13 01:00:00,13.7,14.41,13.54,14.31,63558017,NIO
2022-05-16 01:00:00,14.81,15.43,14.28,14.55,82270002,NIO
2022-05-17 01:00:00,15.31,16.69,15.26,16.63,93233065,NIO
2022-05-18 01:00:00,16.29,16.93,15.66,15.83,72865478,NIO
2022-05-19 01:00:00,16.11,16.8899,15.785,16.66,61191021,NIO
2022-05-20 01:00:00,17.5,17.6,15.68,16.44,86108911,NIO
2022-05-23 01:00:00,15.8,16.01,15.24,16.0,65594706,NIO
2022-05-24 01:00:00,15.53,15.53,14.4,14.63,48413501,NIO
2022-05-25 01:00:00,14.79,15.0,14.09,14.64,44911059,NIO
2022-05-26 01:00:00,14.52,16.13,14.33,16.03,64243804,NIO
2022-05-27 01:00:00,16.16,16.69,15.67,16.57,51414780,NIO
2022-05-31 01:00:00,17.77,17.92,16.76,17.39,96583292,NIO
2022-06-01 01:00:00,17.59,18.93,17.48,17.57,92493705,NIO
2022-06-02 01:00:00,17.54,18.85,16.99,18.85,77824978,NIO
2022-06-03 01:00:00,18.42,18.74,17.81,18.08,57620710,NIO
2022-06-06 01:00:00,18.99,19.8,18.8,19.18,68726766,NIO
2022-06-07 01:00:00,18.98,19.68,18.6,19.65,49357189,NIO
2022-06-08 01:00:00,20.32,20.45,19.86,20.38,65311628,NIO
2022-06-09 01:00:00,18.715,19.68,18.45,18.82,73904071,NIO
2022-06-10 01:00:00,18.86,19.1799,17.81,18.14,61359973,NIO
2022-06-13 01:00:00,17.32,17.49,15.84,15.99,60529415,NIO
2022-06-14 01:00:00,16.53,19.09,16.49,18.66,105582684,NIO
2022-06-15 01:00:00,18.96,20.26,18.18,20.11,121426035,NIO
2022-06-16 01:00:00,19.18,19.93,18.47,19.18,77244473,NIO
2022-06-17 01:00:00,19.77,20.89,19.73,20.77,82067286,NIO
2022-06-21 01:00:00,21.84,23.1,21.58,22.66,90287681,NIO
2022-06-22 01:00:00,22.34,23.13,21.93,22.55,81590468,NIO
2022-06-23 01:00:00,23.11,23.21,22.23,23.05,77502780,NIO
2022-06-24 01:00:00,23.22,24.17,23.16,24.08,67062609,NIO
2022-06-27 01:00:00,24.13,24.43,22.85,22.95,61701585,NIO
2022-06-28 01:00:00,22.36,23.45,22.02,22.36,76353093,NIO
2022-06-29 01:00:00,20.76,22.28,20.6,21.86,71581966,NIO
2022-06-30 01:00:00,21.86,22.115,20.9,21.72,53074070,NIO
2022-07-01 01:00:00,22.32,22.495,20.95,21.36,56855466,NIO
2022-07-05 01:00:00,21.04,22.2,20.35,22.18,50662859,NIO
2022-07-06 01:00:00,21.81,21.84,20.2634,20.83,58981662,NIO
2022-07-07 01:00:00,21.4,23.1,21.36,22.5,72102001,NIO
2022-07-08 01:00:00,22.16,23.28,21.66,22.6,48917208,NIO
2022-07-11 01:00:00,21.6,21.74,20.5,20.57,54822660,NIO
2022-07-12 01:00:00,20.41,21.19,20.04,20.87,49780835,NIO
2022-07-13 01:00:00,20.23,21.8,20.23,21.09,50089210,NIO
2022-07-14 01:00:00,21.06,21.45,20.66,21.05,39870470,NIO
2022-07-15 01:00:00,20.84,20.9,19.93,20.72,41337762,NIO
2022-07-18 01:00:00,20.96,21.82,20.6,20.84,40382252,NIO
2022-07-19 01:00:00,21.1,21.1,19.525,20.2,63211671,NIO
2022-07-20 01:00:00,20.01,20.9489,20.01,20.37,40381214,NIO
2022-07-21 01:00:00,20.16,21.1699,20.155,20.68,39842075,NIO
2022-07-22 01:00:00,20.72,20.78,19.0,19.24,55606897,NIO
2022-07-25 01:00:00,18.98,19.5,18.77,19.33,30357221,NIO
2022-07-26 01:00:00,19.35,19.74,18.91,19.04,27669949,NIO
2022-07-27 01:00:00,19.14,19.5,18.75,19.38,32854073,NIO
2022-07-28 01:00:00,19.18,19.55,18.59,19.49,31078790,NIO
2022-07-29 01:00:00,18.81,19.835,18.66,19.73,36943004,NIO
2022-08-01 01:00:00,20.19,20.76,19.868,20.18,54375762,NIO
2022-08-02 01:00:00,19.68,20.95,19.61,20.18,51261963,NIO
2022-08-03 01:00:00,20.31,20.37,19.43,20.3,44049861,NIO
2022-08-04 01:00:00,20.39,21.47,20.325,20.9,37737418,NIO
2022-08-05 01:00:00,20.53,20.68,19.88,20.22,34056448,NIO
2022-08-08 01:00:00,20.25,20.788,20.15,20.17,29584796,NIO
2022-08-09 01:00:00,20.23,20.24,19.01,19.17,38118411,NIO
2022-08-10 01:00:00,19.58,20.07,19.07,20.05,35345669,NIO
2022-08-11 01:00:00,20.4,21.9699,20.08,20.82,56333137,NIO
2022-08-12 01:00:00,20.26,21.17,19.79,21.11,34953513,NIO
2022-08-15 01:00:00,20.51,21.545,20.47,21.3,36347463,NIO
2022-08-16 01:00:00,21.15,21.15,20.405,20.91,32103185,NIO
2022-08-17 01:00:00,20.68,21.02,20.06,20.08,26455864,NIO
2022-08-18 01:00:00,20.02,20.18,19.51,19.91,21640077,NIO
2022-08-19 01:00:00,19.62,19.71,18.92,19.05,24262567,NIO
2022-08-22 01:00:00,18.88,19.26,18.66,18.95,27327859,NIO
2022-08-23 01:00:00,18.69,18.8,17.73,18.29,34210242,NIO
2022-08-24 01:00:00,18.01,19.23,18.0,18.87,29270985,NIO
2022-08-25 01:00:00,19.43,20.37,18.76,20.08,42455921,NIO
2022-08-26 01:00:00,20.77,21.26,19.81,19.92,61525420,NIO
2022-08-29 01:00:00,19.66,20.67,19.64,19.81,33245037,NIO
2022-08-30 01:00:00,19.85,20.22,19.3,19.83,29823810,NIO
2022-08-31 01:00:00,20.11,20.38,19.28,19.91,39383502,NIO
2022-09-01 01:00:00,19.28,19.35,18.09,18.79,47665667,NIO
2022-09-02 01:00:00,18.43,18.65,17.71,17.73,44131994,NIO
2022-09-06 01:00:00,17.6,17.81,17.09,17.11,32485155,NIO
2022-09-07 01:00:00,16.54,18.3694,16.54,17.48,58645866,NIO
2022-09-08 01:00:00,17.37,17.7,16.985,17.68,30487815,NIO
2022-09-09 01:00:00,18.4,19.59,18.29,19.16,55025946,NIO
2022-09-12 01:00:00,20.1,21.875,20.01,21.75,86993978,NIO
2022-09-13 01:00:00,20.95,22.3,20.845,21.97,77974404,NIO
2022-09-14 01:00:00,21.47,22.09,21.03,21.94,47206662,NIO
2022-09-15 01:00:00,21.51,22.74,21.25,21.51,43787912,NIO
2022-09-16 01:00:00,21.1,21.35,19.96,20.15,65778725,NIO
2022-09-19 01:00:00,19.75,20.96,19.75,20.9,36243974,NIO
2022-09-20 01:00:00,20.7,20.95,20.21,20.41,29289960,NIO
2022-09-21 01:00:00,20.12,20.16,18.25,18.3,64553218,NIO
2022-09-22 01:00:00,18.51,19.18,18.09,18.35,36823106,NIO
2022-09-23 01:00:00,18.0,18.21,17.42,17.64,39484356,NIO
2022-09-26 01:00:00,17.77,18.4,17.53,17.62,42024469,NIO
2022-09-27 01:00:00,18.18,18.23,16.975,17.19,40675183,NIO
2022-09-28 01:00:00,16.8,17.46,16.66,17.33,37295608,NIO
2022-09-29 01:00:00,16.83,16.94,15.37,15.58,51671121,NIO
2022-09-30 01:00:00,15.21,16.15,15.2,15.77,39341292,NIO
2022-10-03 01:00:00,15.85,15.94,15.275,15.49,38422951,NIO
2022-10-04 01:00:00,16.17,16.879,15.95,16.73,45093557,NIO
2022-10-05 01:00:00,16.5,16.679,15.64,16.04,39737476,NIO
2022-10-06 01:00:00,16.0,16.24,14.76,14.77,67739039,NIO
2022-10-07 01:00:00,14.29,14.53,13.54,13.76,53268911,NIO
2022-10-10 01:00:00,13.66,13.73,13.02,13.28,48731714,NIO
2022-10-11 01:00:00,13.13,13.42,12.58,12.83,51761537,NIO
2022-10-12 01:00:00,12.93,13.455,12.48,12.88,50001274,NIO
2022-10-13 01:00:00,12.35,12.85,11.95,12.78,53451097,NIO
2022-10-14 01:00:00,12.99,13.18,11.73,11.75,60039763,NIO
2022-10-17 01:00:00,12.19,12.64,12.121,12.21,51097229,NIO
2022-10-18 01:00:00,13.08,13.22,12.09,12.21,58185375,NIO
2022-10-19 01:00:00,11.8,11.9,10.71,10.92,99014243,NIO
2022-10-20 01:00:00,11.03,11.43,10.88,10.97,47109291,NIO
2022-10-21 01:00:00,10.67,11.21,10.4101,11.21,42496344,NIO
2022-10-24 01:00:00,10.01,10.03,8.375,9.45,166523691,NIO
2022-10-25 01:00:00,9.81,10.63,9.53,10.63,98188964,NIO
2022-10-26 01:00:00,10.44,11.085,10.23,10.81,79279474,NIO
2022-10-27 01:00:00,10.53,10.73,9.965,9.98,64014707,NIO
2022-10-28 01:00:00,9.5,9.98,9.28,9.69,74420567,NIO
2022-10-31 01:00:00,9.51,10.05,9.38,9.67,46879566,NIO
2022-11-01 01:00:00,10.33,10.45,9.685,9.71,56233207,NIO
2022-11-02 01:00:00,9.6,10.13,9.48,9.49,76033430,NIO
2022-11-03 01:00:00,9.19,10.17,9.03,9.94,64660309,NIO
2022-11-04 01:00:00,11.0,11.69,10.6,11.68,125406433,NIO
2022-11-07 01:00:00,12.23,12.38,10.7,10.98,84143588,NIO
2022-11-08 01:00:00,10.68,10.8697,10.08,10.56,61734919,NIO
2022-11-09 01:00:00,10.0,10.175,9.14,9.25,81211776,NIO
2022-11-10 01:00:00,10.3,10.83,10.05,10.34,84026754,NIO
2022-11-11 01:00:00,10.79,11.69,10.54,11.56,100635550,NIO
2022-11-14 01:00:00,11.86,12.12,11.17,11.17,62011983,NIO
2022-11-15 01:00:00,11.905,11.95,11.36,11.51,63244226,NIO
2022-11-16 01:00:00,11.17,11.29,10.45,10.53,49624855,NIO
2022-11-17 01:00:00,10.25,10.715,9.93,10.67,62563462,NIO
2022-11-18 01:00:00,10.65,10.81,10.26,10.47,49320198,NIO
2022-11-21 01:00:00,10.22,10.25,9.67,10.02,53072146,NIO
2022-11-22 01:00:00,9.87,10.1,9.75,10.01,36096337,NIO
2022-11-23 01:00:00,10.31,10.735,10.24,10.56,49399120,NIO
2022-11-25 01:00:00,10.26,10.3,9.96,10.17,23487640,NIO
2022-11-28 01:00:00,10.05,10.63,9.99,10.12,39198805,NIO
2022-11-29 01:00:00,10.65,10.9,10.39,10.5,48292293,NIO
2022-11-30 01:00:00,11.34,13.27,11.34,12.78,173184958,NIO
2022-12-01 01:00:00,12.35,12.55,11.95,12.09,59583374,NIO
2022-12-02 01:00:00,12.06,13.32,11.97,13.13,106291222,NIO
2022-12-05 01:00:00,13.99,14.03,12.59,12.8,94815793,NIO
2022-12-06 01:00:00,13.0,13.28,12.43,13.24,62747576,NIO
2022-12-07 01:00:00,12.42,12.715,12.145,12.58,52840541,NIO
2022-12-08 01:00:00,13.0,13.55,12.88,13.41,52377739,NIO
2022-12-09 01:00:00,13.17,13.32,12.6201,12.63,44101137,NIO
2022-12-12 01:00:00,12.3,12.58,12.16,12.49,35211112,NIO
2022-12-13 01:00:00,13.11,13.24,12.03,12.31,52084305,NIO
2022-12-14 01:00:00,12.45,12.53,11.9701,12.1,33251867,NIO
2022-12-15 01:00:00,12.33,12.6299,11.68,11.88,41620865,NIO
2022-12-16 01:00:00,12.13,12.38,11.595,11.6,46476292,NIO
2022-12-19 01:00:00,11.655,11.655,10.83,11.06,40564575,NIO
2022-12-20 01:00:00,10.67,11.59,10.58,11.09,44765263,NIO
2022-12-21 01:00:00,11.07,11.705,10.86,11.61,34243991,NIO
2022-12-22 01:00:00,11.45,11.58,10.76,11.29,32468886,NIO
2022-12-23 01:00:00,11.22,11.22,10.69,10.97,33666120,NIO
2022-12-27 01:00:00,10.53,10.61,9.97,10.06,54165749,NIO
2022-12-28 01:00:00,10.01,10.25,9.61,9.8,42225321,NIO
2022-12-29 01:00:00,9.92,10.27,9.77,9.99,49380227,NIO
2022-12-30 01:00:00,9.83,9.98,9.52,9.75,40863792,NIO
2023-01-03 01:00:00,10.21,10.505,9.5,9.63,54095603,NIO
2023-01-04 01:00:00,9.97,10.9,9.85,10.63,63723786,NIO
2023-01-05 01:00:00,10.39,10.97,10.24,10.86,37262747,NIO
2023-01-06 01:00:00,10.06,10.385,9.5,10.37,70946669,NIO
2023-01-09 01:00:00,10.63,11.12,10.63,10.76,42870126,NIO
2023-01-10 01:00:00,11.1,11.38,10.68,11.24,44315541,NIO
2023-01-11 01:00:00,11.35,11.72,10.99,11.51,42554540,NIO
2023-01-12 01:00:00,11.49,11.81,11.125,11.81,40125272,NIO
2023-01-13 01:00:00,11.44,11.81,11.23,11.8,41631545,NIO
2023-01-17 01:00:00,11.32,11.51,11.09,11.41,48895649,NIO
2023-01-18 01:00:00,11.485,11.69,10.98,11.01,43306240,NIO
2023-01-19 01:00:00,10.88,11.175,10.62,10.77,33638133,NIO
2023-01-20 01:00:00,10.95,11.34,10.83,11.07,39012525,NIO
2023-01-23 01:00:00,11.28,12.35,11.15,12.06,64034111,NIO
2023-01-24 01:00:00,14.36,14.36,11.06,11.68,37478554,NIO
2023-01-25 01:00:00,11.46,11.77,11.28,11.63,26348934,NIO
2023-01-26 01:00:00,12.43,12.47,11.8,12.17,51635145,NIO
2023-01-27 01:00:00,12.145,13.22,11.98,12.71,69734435,NIO
2023-01-30 01:00:00,12.43,12.44,11.85,12.02,54969955,NIO
2023-01-31 01:00:00,11.91,12.355,11.76,12.07,45863141,NIO
2023-02-01 01:00:00,12.24,12.32,11.585,12.1,65907216,NIO
2023-02-02 01:00:00,12.12,12.37,11.81,11.96,68872821,NIO
2023-02-03 01:00:00,11.65,11.9,11.16,11.19,55798837,NIO
2023-02-06 01:00:00,10.95,11.03,10.67,10.93,45482552,NIO
2023-02-07 01:00:00,11.0,11.02,10.56,10.92,35350748,NIO
2023-02-08 01:00:00,10.75,10.91,10.58,10.65,28370236,NIO
2023-02-09 01:00:00,10.97,11.02,10.37,10.47,40466261,NIO
2023-02-10 01:00:00,10.25,10.39,10.02,10.31,38377073,NIO
2023-02-13 01:00:00,10.47,10.54,10.28,10.31,30815835,NIO
2023-02-14 01:00:00,10.19,10.35,9.91,10.31,38028610,NIO
2023-02-15 01:00:00,10.09,10.5,10.09,10.5,35925516,NIO
2023-02-16 01:00:00,10.46,10.6,10.185,10.19,38647013,NIO
2023-02-17 01:00:00,10.1,10.2377,9.9301,10.19,37467037,NIO
2023-02-21 01:00:00,10.05,10.31,9.9599,10.03,35046665,NIO
2023-02-22 01:00:00,10.01,10.2059,9.9,10.18,34099396,NIO
2023-02-23 01:00:00,10.39,10.4,9.58,9.79,50261645,NIO
2023-02-24 01:00:00,9.51,9.515,9.13,9.3,56808866,NIO
2023-02-27 01:00:00,9.53,9.585,9.24,9.33,42356413,NIO
2023-02-28 01:00:00,9.2,9.44,9.12,9.39,53310754,NIO
2023-03-01 01:00:00,9.335,9.45,8.77,8.83,82172521,NIO
2023-03-02 01:00:00,8.5,9.12,8.31,9.09,73358795,NIO
2023-03-03 01:00:00,8.97,9.7,8.92,9.57,60775133,NIO
2023-03-06 01:00:00,9.5,9.64,9.3,9.31,35308771,NIO
2023-03-07 01:00:00,9.19,9.255,8.87,8.97,45081476,NIO
2023-03-08 01:00:00,8.865,9.18,8.67,9.18,39709092,NIO
2023-03-09 01:00:00,9.01,9.1693,8.715,8.79,48894342,NIO
2023-03-10 01:00:00,8.78,8.81,8.33,8.51,46631316,NIO
2023-03-13 01:00:00,8.35,8.69,8.03,8.55,43877061,NIO
2023-03-14 01:00:00,8.51,8.555,8.345,8.42,36783141,NIO
2023-03-15 01:00:00,8.21,8.32,8.07,8.25,40281714,NIO
2023-03-16 01:00:00,8.13,8.54,8.1,8.5,27761077,NIO
2023-03-17 01:00:00,8.54,8.74,8.18,8.26,38374663,NIO
2023-03-20 01:00:00,8.1,9.06,8.065,8.75,56190647,NIO
2023-03-21 01:00:00,8.96,9.37,8.9101,9.27,52342775,NIO
2023-03-22 01:00:00,9.5,9.53,9.06,9.09,36811681,NIO
2023-03-23 01:00:00,9.35,9.455,9.13,9.27,30132788,NIO
2023-03-24 01:00:00,9.22,9.23,8.83,9.07,28722601,NIO
2023-03-27 01:00:00,9.03,9.13,8.835,8.93,20452452,NIO
2023-03-28 01:00:00,9.15,9.27,9.03,9.2,31341451,NIO
2023-03-29 01:00:00,9.3,9.95,9.26,9.83,56384485,NIO
2023-03-30 01:00:00,10.0,10.75,9.94,10.46,66081898,NIO
2023-03-31 01:00:00,10.31,10.6,10.2,10.51,35906303,NIO
2023-04-03 01:00:00,10.41,10.51,9.67,9.8,56526152,NIO
2023-04-04 01:00:00,9.615,9.79,9.12,9.21,53384386,NIO
2023-04-05 01:00:00,9.19,9.19,8.75,8.96,33805937,NIO
2023-04-06 01:00:00,8.94,9.07,8.83,9.01,23019759,NIO
2023-04-10 01:00:00,8.86,9.08,8.78,9.05,26228694,NIO
2023-04-11 01:00:00,9.19,9.785,9.18,9.52,44751330,NIO
2023-04-12 01:00:00,9.56,9.56,8.96,9.01,48106844,NIO
2023-04-13 01:00:00,9.21,9.28,9.02,9.1,25070000,NIO
2023-04-14 01:00:00,9.07,9.45,9.0025,9.27,30953522,NIO
2023-04-17 01:00:00,9.54,10.025,9.51,9.83,48549523,NIO
2023-04-18 01:00:00,9.78,9.81,9.445,9.47,26811964,NIO
2023-04-19 01:00:00,9.16,9.2,8.77,8.79,60655930,NIO
2023-04-20 01:00:00,8.54,8.58,8.16,8.28,59580503,NIO
2023-04-21 01:00:00,8.3,8.38,8.05,8.33,34188217,NIO
2023-04-24 01:00:00,8.38,8.4,8.16,8.29,29843616,NIO
2023-04-25 01:00:00,8.16,8.16,7.6,7.9,88508387,NIO
2023-04-26 01:00:00,8.09,8.2,7.65,7.68,56070145,NIO
2023-04-27 01:00:00,7.7,7.97,7.612,7.97,36937548,NIO
2023-04-28 01:00:00,7.88,8.01,7.66,7.87,39093683,NIO
2023-05-01 01:00:00,7.83,7.86,7.545,7.81,39623717,NIO
2023-05-02 01:00:00,7.65,7.75,7.33,7.45,53990062,NIO
2023-05-03 01:00:00,7.43,7.77,7.4,7.64,39778468,NIO
2023-05-04 01:00:00,7.75,8.12,7.75,8.06,50555823,NIO
2023-05-05 01:00:00,8.14,8.37,8.1,8.15,34720546,NIO
2023-05-08 01:00:00,8.27,8.54,8.03,8.27,30996542,NIO
2023-05-09 01:00:00,7.93,8.22,7.85,8.16,24846300,NIO
2023-05-10 01:00:00,8.2,8.52,8.04,8.13,47366606,NIO
2023-05-11 01:00:00,8.145,8.45,8.09,8.45,48355750,NIO
2023-05-12 01:00:00,8.265,8.34,7.94,7.95,42114272,NIO
2023-05-15 01:00:00,8.06,8.28,7.9,8.25,35602374,NIO
2023-05-16 01:00:00,8.1,8.105,7.815,7.91,33815256,NIO
2023-05-17 01:00:00,7.82,8.05,7.79,8.03,33411502,NIO
2023-05-18 01:00:00,7.94,8.03,7.73,7.82,46481475,NIO
2023-05-19 01:00:00,7.9,8.14,7.845,8.07,41574786,NIO
2023-05-22 01:00:00,8.25,8.85,8.24,8.79,73546862,NIO
2023-05-23 01:00:00,8.64,8.85,8.59,8.75,38539966,NIO
2023-05-24 01:00:00,8.14,8.21,7.72,7.92,84695751,NIO
2023-05-25 01:00:00,7.855,7.86,7.51,7.54,48702805,NIO
2023-05-26 01:00:00,7.74,7.84,7.54,7.7,43110480,NIO
2023-05-30 01:00:00,7.8,7.92,7.35,7.41,63374757,NIO
2023-05-31 01:00:00,7.44,7.54,7.15,7.53,89228250,NIO
2023-06-01 01:00:00,7.24,7.64,7.0,7.54,74201553,NIO
2023-06-02 01:00:00,7.84,7.99,7.56,7.56,62511457,NIO
2023-06-05 01:00:00,7.66,7.9,7.63,7.67,36819189,NIO
2023-06-06 01:00:00,7.66,7.88,7.3,7.88,79001901,NIO
2023-06-07 01:00:00,7.8,7.97,7.58,7.76,47289106,NIO
2023-06-08 01:00:00,7.8,7.89,7.6,7.79,64405844,NIO
2023-06-09 01:00:00,7.84,8.75,7.69,7.73,140273488,NIO
2023-06-12 01:00:00,8.09,8.6,8.07,8.4,100941443,NIO
2023-06-13 01:00:00,8.73,9.07,8.6,8.89,81692773,NIO
2023-06-14 01:00:00,9.07,9.19,8.8,9.05,60867175,NIO
2023-06-15 01:00:00,9.1,9.895,9.05,9.79,97116491,NIO
2023-06-16 01:00:00,10.15,10.21,9.35,9.4,81400059,NIO
2023-06-20 01:00:00,9.17,9.41,9.06,9.35,52865998,NIO
2023-06-21 01:00:00,9.54,9.84,8.96,9.07,66266585,NIO
2023-06-22 01:00:00,9.03,9.03,8.74,8.92,28909852,NIO
2023-06-23 01:00:00,8.62,8.75,8.28,8.43,41944309,NIO
2023-06-26 01:00:00,8.53,8.69,8.395,8.4,33684129,NIO
2023-06-27 01:00:00,8.72,9.34,8.66,9.34,73607612,NIO
2023-06-28 01:00:00,9.4,9.56,9.18,9.52,44832940,NIO
2023-06-29 01:00:00,9.4,9.51,9.25,9.39,38589920,NIO
2023-06-30 01:00:00,9.63,10.09,9.59,9.69,63465222,NIO
2023-07-03 01:00:00,10.15,10.49,9.79,10.03,68989250,NIO
2023-07-05 01:00:00,10.01,10.39,9.81,10.22,62900546,NIO
2023-07-06 01:00:00,9.97,10.01,9.49,9.56,53278441,NIO
2023-07-07 01:00:00,9.75,10.09,9.66,9.99,51005238,NIO
2023-07-10 01:00:00,9.97,10.825,9.79,10.78,84529574,NIO
2023-07-11 01:00:00,10.96,11.05,10.44,10.81,69547490,NIO
2023-07-12 01:00:00,11.02,11.22,10.71,11.16,61266099,NIO
2023-07-13 01:00:00,11.24,11.32,10.72,10.76,60022472,NIO
2023-07-14 01:00:00,10.67,10.84,10.46,10.54,40233548,NIO
2023-07-17 01:00:00,10.3,10.63,10.21,10.56,28845712,NIO
2023-07-18 01:00:00,10.73,10.83,10.27,10.42,35151563,NIO
2023-07-19 01:00:00,10.58,11.1,10.58,10.64,51786921,NIO
2023-07-20 01:00:00,10.47,10.5,10.22,10.32,34681100,NIO
2023-07-21 01:00:00,10.5,10.77,10.38,10.58,33088980,NIO
2023-07-24 01:00:00,10.905,12.05,10.84,11.73,108759293,NIO
2023-07-25 01:00:00,12.34,12.83,11.88,11.91,102994581,NIO
2023-07-26 01:00:00,12.4,13.375,12.21,13.17,137044606,NIO
2023-07-27 01:00:00,13.86,13.87,13.16,13.24,103657385,NIO
2023-07-28 01:00:00,13.8,14.78,13.5607,14.74,115315809,NIO
2023-07-31 01:00:00,15.12,15.46,14.73,15.3,117335972,NIO
2023-08-01 01:00:00,14.86,15.255,14.41,14.63,90101889,NIO
2023-08-02 01:00:00,13.8,14.7598,13.67,14.57,79548601,NIO
2023-08-03 01:00:00,14.68,15.86,14.66,15.46,86718646,NIO
2023-08-04 01:00:00,15.86,16.18,14.7,14.72,85225321,NIO
2023-08-07 01:00:00,15.02,15.2,14.38,14.82,53768446,NIO
2023-08-08 01:00:00,13.95,14.17,13.73,14.07,63081147,NIO
2023-08-09 01:00:00,13.945,14.12,13.2141,13.46,57706699,NIO
2023-08-10 01:00:00,13.61,13.97,13.19,13.25,55642979,NIO
2023-08-11 01:00:00,12.77,13.01,12.551,12.9,54695740,NIO
2023-08-14 01:00:00,12.4,12.555,11.94,12.52,67398246,NIO
2023-08-15 01:00:00,12.26,12.34,11.55,11.83,71428643,NIO
2023-08-16 01:00:00,11.18,11.76,11.15,11.4,59478353,NIO
2023-08-17 01:00:00,11.91,12.405,11.47,11.5,73315610,NIO
2023-08-18 01:00:00,10.95,11.15,10.62,10.67,68527020,NIO
2023-08-21 01:00:00,10.73,11.17,10.535,10.95,54080133,NIO
2023-08-22 01:00:00,11.29,11.33,10.5304,10.79,43691859,NIO
2023-08-23 01:00:00,10.56,11.0,10.5,10.84,30404955,NIO
2023-08-24 01:00:00,10.96,11.11,10.615,10.64,27131735,NIO
2023-08-25 01:00:00,10.58,10.8691,10.48,10.83,31666242,NIO
2023-08-28 01:00:00,11.05,11.13,10.7,11.02,41943223,NIO
2023-08-29 01:00:00,10.3,10.94,9.46,10.89,124332166,NIO
2023-08-30 01:00:00,10.43,10.79,10.39,10.67,46265633,NIO
2023-08-31 01:00:00,10.73,10.8,10.26,10.27,51094253,NIO
2023-09-01 01:00:00,10.53,11.35,10.5,11.0,77064189,NIO
2023-09-05 01:00:00,10.73,11.18,10.72,10.81,37911836,NIO
2023-09-06 01:00:00,10.71,10.91,10.47,10.58,31426073,NIO
2023-09-07 01:00:00,10.17,10.27,9.93,10.08,44603828,NIO
2023-09-08 01:00:00,10.06,10.15,9.92,10.04,26236138,NIO
2023-09-11 01:00:00,10.39,10.43,10.02,10.33,31145664,NIO
2023-09-12 01:00:00,10.23,10.88,10.21,10.57,38296977,NIO
2023-09-13 01:00:00,10.2,10.47,10.06,10.07,36890018,NIO
2023-09-14 01:00:00,10.15,10.38,10.135,10.38,26475948,NIO
2023-09-15 01:00:00,10.53,10.72,10.29,10.43,40105904,NIO
2023-09-18 01:00:00,10.37,10.47,10.215,10.31,22615008,NIO
2023-09-19 01:00:00,9.54,9.6,8.41,8.55,215935823,NIO
2023-09-20 01:00:00,8.76,9.06,8.67,8.82,122782117,NIO
2023-09-21 01:00:00,8.45,8.62,8.35,8.45,49441391,NIO
2023-09-22 01:00:00,8.74,8.795,8.45,8.53,36245149,NIO
2023-09-25 01:00:00,8.07,8.45,7.93,8.35,56326955,NIO
2023-09-26 01:00:00,8.15,8.58,7.925,8.41,42481589,NIO
2023-09-27 01:00:00,8.38,8.51,8.3,8.46,24089856,NIO
2023-09-28 01:00:00,8.37,8.99,8.36,8.91,55093424,NIO
2023-09-29 01:00:00,9.11,9.22,8.8648,9.04,40994082,NIO
2023-10-02 01:00:00,8.9,9.0,8.7,8.79,38390578,NIO
2023-10-03 01:00:00,8.55,8.76,8.54,8.61,27185726,NIO
2023-10-04 01:00:00,8.51,8.85,8.48,8.83,28056873,NIO
2023-10-05 01:00:00,8.67,8.71,8.51,8.66,21933488,NIO
2023-10-06 01:00:00,8.49,8.75,8.46,8.72,23335960,NIO
2023-10-09 01:00:00,8.51,8.535,8.11,8.34,39704416,NIO
2023-10-10 01:00:00,8.35,8.88,8.35,8.83,42385734,NIO
2023-10-11 01:00:00,8.95,9.19,8.9,8.97,34029928,NIO
2023-10-12 01:00:00,8.88,8.97,8.38,8.44,37144128,NIO
2023-10-13 01:00:00,8.4,8.55,8.27,8.47,28408518,NIO
2023-10-16 01:00:00,8.37,8.53,8.245,8.52,24550097,NIO
2023-10-17 01:00:00,8.33,8.65,8.29,8.53,18390153,NIO
2023-10-18 01:00:00,8.53,8.54,7.865,7.91,51395167,NIO
2023-10-19 01:00:00,7.76,7.88,7.585,7.69,39606103,NIO
2023-10-20 01:00:00,7.52,7.85,7.47,7.58,31787780,NIO
2023-10-23 01:00:00,7.49,7.7,7.31,7.59,33550405,NIO
2023-10-24 01:00:00,7.56,8.12,7.56,8.09,42841661,NIO
2023-10-25 01:00:00,7.82,7.85,7.6,7.6,28413837,NIO
2023-10-26 01:00:00,7.62,7.8,7.52,7.63,27283563,NIO
2023-10-27 01:00:00,7.78,7.81,7.385,7.44,33773480,NIO
2023-10-30 01:00:00,7.56,7.64,7.395,7.52,25727706,NIO
2023-10-31 01:00:00,7.34,7.4,7.18,7.3,29679173,NIO
2023-11-01 01:00:00,7.31,7.45,7.19,7.45,33335132,NIO
2023-11-02 01:00:00,7.72,7.93,7.6905,7.79,43628446,NIO
2023-11-03 01:00:00,8.01,8.3,7.87,8.23,56107384,NIO
2023-11-06 01:00:00,8.45,8.505,7.86,7.97,43859700,NIO
2023-11-07 01:00:00,7.88,7.9,7.7,7.89,25233503,NIO
2023-11-08 01:00:00,7.81,8.0,7.675,7.92,37957625,NIO
2023-11-09 01:00:00,7.82,7.96,7.46,7.47,36134834,NIO
2023-11-10 01:00:00,7.61,7.64,7.16,7.24,39953745,NIO
2023-11-13 01:00:00,7.27,7.43,7.11,7.22,34211248,NIO
2023-11-14 01:00:00,7.36,7.635,7.33,7.58,43383083,NIO
2023-11-15 01:00:00,7.64,8.2,7.63,7.94,55973995,NIO
2023-11-16 01:00:00,7.58,7.5913,7.14,7.4,68800066,NIO
2023-11-17 01:00:00,7.4,7.499,7.25,7.39,26852182,NIO
2023-11-20 01:00:00,7.68,8.0277,7.6469,7.8,62067268,NIO
2023-11-21 01:00:00,7.62,7.71,7.42,7.51,35697216,NIO
2023-11-22 01:00:00,7.58,7.635,7.3641,7.47,22087947,NIO
2023-11-24 01:00:00,7.4,7.48,7.28,7.4,22881083,NIO
2023-11-27 01:00:00,7.31,7.38,7.18,7.19,33857639,NIO
2023-11-28 01:00:00,7.2,7.26,7.02,7.21,47842465,NIO
2023-11-29 01:00:00,7.29,7.515,7.13,7.18,47706964,NIO
2023-11-30 01:00:00,7.25,7.34,7.13,7.27,45953446,NIO
2023-12-01 01:00:00,7.14,7.26,7.01,7.15,46777985,NIO
2023-12-04 01:00:00,7.14,7.38,7.03,7.32,53717890,NIO
2023-12-05 01:00:00,7.59,7.96,7.38,7.43,89837096,NIO
2023-12-06 01:00:00,7.65,8.28,7.59,7.75,118989350,NIO
2023-12-07 01:00:00,7.85,7.96,7.43,7.49,63206593,NIO
2023-12-08 01:00:00,7.365,7.57,7.3,7.38,42786187,NIO
2023-12-11 01:00:00,7.49,7.7,7.405,7.68,39418171,NIO
2023-12-12 01:00:00,7.59,7.6,7.17,7.27,59007242,NIO
2023-12-13 01:00:00,7.17,7.45,7.05,7.43,57470154,NIO
2023-12-14 01:00:00,7.47,8.015,7.46,7.86,94106081,NIO
2023-12-15 01:00:00,8.02,8.14,7.74,7.98,71384369,NIO
2023-12-18 01:00:00,8.59,8.64,8.23,8.35,131952971,NIO
2023-12-19 01:00:00,8.515,8.9,8.51,8.82,88664037,NIO
2023-12-20 01:00:00,8.63,8.7,7.92,7.92,105322270,NIO
2023-12-21 01:00:00,8.15,8.3091,7.99,8.29,48972682,NIO
2023-12-22 01:00:00,8.1,8.59,8.08,8.42,56076019,NIO
2023-12-26 01:00:00,8.77,9.43,8.63,9.33,130928214,NIO
2023-12-27 01:00:00,9.26,9.33,8.89,9.1,99997199,NIO
2023-12-28 01:00:00,9.16,9.57,9.12,9.43,91988342,NIO
2023-12-29 01:00:00,9.43,9.53,8.95,9.07,74905085,NIO
2024-01-02 01:00:00,8.93,8.94,8.38,8.42,81640311,NIO
2024-01-03 01:00:00,8.12,8.56,8.1,8.5,58659343,NIO
2024-01-04 01:00:00,8.33,8.465,8.25,8.27,38412269,NIO
2024-01-05 01:00:00,8.16,8.25,8.03,8.06,40831670,NIO
2024-01-08 01:00:00,7.86,8.05,7.73,7.93,49933553,NIO
2024-01-09 01:00:00,7.8,7.84,7.52,7.56,70100947,NIO
2024-01-10 01:00:00,7.53,7.55,7.31,7.41,54569578,NIO
2024-01-11 01:00:00,7.57,7.665,7.325,7.4,52385008,NIO
2024-01-12 01:00:00,7.26,7.53,7.16,7.17,49034582,NIO
2024-01-16 01:00:00,7.04,7.05,6.45,6.55,121078877,NIO
2024-01-17 01:00:00,6.21,6.42,6.12,6.3,63011767,NIO
2024-01-18 01:00:00,6.5,6.54,6.1,6.28,71543532,NIO
2024-01-19 01:00:00,6.16,6.16,5.86,6.06,82433119,NIO
2024-01-22 01:00:00,5.83,6.17,5.8,5.98,74314672,NIO
2024-01-23 01:00:00,6.4,6.876,6.17,6.21,119010793,NIO
2024-01-24 01:00:00,6.5,6.59,6.01,6.07,76000956,NIO
2024-01-25 01:00:00,5.91,6.08,5.83,6.04,59221386,NIO
2024-01-26 01:00:00,6.0,6.15,5.965,6.14,39437580,NIO
2024-01-29 01:00:00,6.08,6.16,5.95,6.14,40118388,NIO
2024-01-30 01:00:00,6.01,6.04,5.79,5.79,66444755,NIO
2024-01-31 01:00:00,5.69,5.86,5.43,5.62,75799329,NIO
2024-02-01 01:00:00,5.73,5.915,5.54,5.71,51425374,NIO
2024-02-02 01:00:00,5.56,5.59,5.43,5.54,56919298,NIO
2024-02-05 01:00:00,5.48,5.48,5.3,5.38,45420763,NIO
2024-02-06 01:00:00,5.68,6.05,5.6,6.03,88353582,NIO
2024-02-07 01:00:00,5.81,6.0,5.73,5.86,42818439,NIO
2024-02-08 01:00:00,5.82,5.88,5.72,5.82,32055296,NIO
2024-02-09 01:00:00,5.84,5.93,5.75,5.93,25563476,NIO
2024-02-12 01:00:00,5.91,6.28,5.9,6.08,43673000,NIO
2024-02-13 01:00:00,5.86,5.88,5.65,5.7,52054380,NIO
2024-02-14 01:00:00,5.88,6.015,5.84,6.0,41176843,NIO
2024-02-15 01:00:00,6.05,6.29,6.04,6.09,54076743,NIO
2024-02-16 01:00:00,6.24,6.34,6.09,6.14,41550945,NIO
2024-02-20 01:00:00,5.93,6.03,5.79,5.96,39772240,NIO
2024-02-21 01:00:00,6.02,6.17,5.9501,5.97,33907151,NIO
2024-02-22 01:00:00,5.97,5.97,5.71,5.85,49536286,NIO
2024-02-23 01:00:00,5.67,5.68,5.37,5.4,75135240,NIO
2024-02-26 01:00:00,5.54,5.77,5.5,5.65,60295263,NIO
2024-02-27 01:00:00,5.81,5.93,5.72,5.78,53722073,NIO
2024-02-28 01:00:00,5.6,5.61,5.39,5.43,58390485,NIO
2024-02-29 01:00:00,5.56,5.79,5.54,5.75,63187133,NIO
2024-03-01 01:00:00,5.73,5.84,5.675,5.78,39578617,NIO
2024-03-04 01:00:00,5.58,5.61,5.25,5.33,94275776,NIO
2024-03-05 01:00:00,5.17,5.62,4.78,5.48,94784649,NIO
2024-03-06 01:00:00,5.39,5.88,5.38,5.77,77698767,NIO
2024-03-07 01:00:00,5.665,5.79,5.47,5.77,46370273,NIO
2024-03-08 01:00:00,5.78,5.915,5.66,5.8,39080174,NIO
2024-03-11 01:00:00,5.92,6.23,5.88,6.1,64025253,NIO
2024-03-12 01:00:00,6.19,6.3,6.09,6.19,38392937,NIO
2024-03-13 01:00:00,6.08,6.2699,5.91,5.92,42657898,NIO
2024-03-14 01:00:00,5.82,5.82,5.54,5.58,42679883,NIO
2024-03-15 01:00:00,5.71,5.76,5.57,5.58,33811132,NIO
2024-03-18 01:00:00,5.83,5.86,5.48,5.54,48581873,NIO
2024-03-19 01:00:00,5.485,5.49,5.13,5.19,77042860,NIO
2024-03-20 01:00:00,5.11,5.14,5.04,5.1,59385474,NIO
2024-03-21 01:00:00,5.06,5.1,4.96,5.0,46800086,NIO
2024-03-22 01:00:00,4.93,4.96,4.8,4.89,43658296,NIO
2024-03-25 01:00:00,4.92,5.09,4.89,4.91,56419441,NIO
2024-03-26 01:00:00,4.9,4.92,4.77,4.78,83744681,NIO
2024-03-27 01:00:00,4.63,4.73,4.45,4.67,85346537,NIO
2024-03-28 01:00:00,4.68,4.74,4.48,4.5,55938542,NIO
2024-04-01 01:00:00,4.63,4.75,4.565,4.64,42632696,NIO
2024-04-02 01:00:00,4.47,4.58,4.38,4.54,38932682,NIO
2024-04-03 01:00:00,4.46,4.51,4.36,4.49,33078467,NIO
2024-04-04 01:00:00,4.55,4.75,4.49,4.5,53856513,NIO
2024-04-05 01:00:00,4.5,4.58,4.38,4.39,43081002,NIO
2024-04-08 01:00:00,4.41,4.53,4.37,4.37,47453507,NIO
2024-04-09 01:00:00,4.43,4.79,4.42,4.71,76665950,NIO
2024-04-10 01:00:00,4.58,4.69,4.54,4.59,32567955,NIO
2024-04-11 01:00:00,4.6,4.61,4.43,4.46,39040165,NIO
2024-04-12 01:00:00,4.35,4.35,4.085,4.11,74932096,NIO
2024-04-15 01:00:00,4.19,4.19,3.8201,3.89,70661317,NIO
2024-04-16 01:00:00,3.75,3.91,3.71,3.81,42222200,NIO
2024-04-17 01:00:00,3.865,3.96,3.84,3.91,38766961,NIO
2024-04-18 01:00:00,3.9,4.09,3.85,4.0,38392131,NIO
2024-04-19 01:00:00,3.86,3.92,3.78,3.8,35883783,NIO
2024-04-22 01:00:00,3.68,4.05,3.61,4.0,60179617,NIO
2024-04-23 01:00:00,3.99,4.13,3.98,4.01,41987837,NIO
2024-04-24 01:00:00,4.15,4.22,4.05,4.15,34562025,NIO
2024-04-25 01:00:00,4.05,4.17,4.03,4.13,25888388,NIO
2024-04-26 01:00:00,4.43,4.54,4.39,4.49,59264479,NIO
2024-04-29 01:00:00,4.67,4.68,4.47,4.6,56379782,NIO
2024-04-30 01:00:00,4.7,4.75,4.51,4.72,52936247,NIO
2024-05-01 01:00:00,4.76,5.44,4.74,5.27,148038876,NIO
2024-05-02 01:00:00,5.61,5.67,5.17,5.59,99532818,NIO
2024-05-03 01:00:00,5.525,5.58,5.33,5.57,54697737,NIO
2024-05-06 01:00:00,5.75,6.04,5.57,5.69,75633393,NIO
2024-05-07 01:00:00,5.54,5.83,5.46,5.51,43754080,NIO
2024-05-08 01:00:00,5.25,5.28,5.11,5.22,54908672,NIO
2024-05-09 01:00:00,5.37,5.41,5.23,5.33,34679735,NIO
2024-05-10 01:00:00,5.28,5.35,5.0317,5.07,49019552,NIO
2024-05-13 01:00:00,5.2,5.66,5.16,5.41,76621098,NIO
2024-05-14 01:00:00,5.51,5.85,5.455,5.79,80661006,NIO
2024-05-15 01:00:00,6.0,6.05,5.21,5.33,112034621,NIO
2024-05-16 01:00:00,5.37,5.46,5.22,5.26,41788865,NIO
2024-05-17 01:00:00,5.28,5.39,5.04,5.28,58708428,NIO
2024-05-20 01:00:00,5.25,5.32,5.1,5.22,47706058,NIO
2024-05-21 01:00:00,5.19,5.5399,5.14,5.25,75042175,NIO
2024-05-22 01:00:00,5.26,5.31,5.14,5.24,36743181,NIO
2024-05-23 01:00:00,5.12,5.13,4.71,4.8,79112841,NIO
2024-05-24 01:00:00,4.81,4.92,4.77,4.83,32325257,NIO
2024-05-28 01:00:00,4.97,5.01,4.83,4.9,46519662,NIO
2024-05-29 01:00:00,4.82,5.0,4.81,4.93,37706247,NIO
2024-05-30 01:00:00,4.95,5.44,4.93,5.4,69440020,NIO
2024-05-31 01:00:00,5.27,5.52,5.26,5.39,63176619,NIO
2024-06-03 01:00:00,5.54,5.63,5.19,5.34,53566741,NIO
2024-06-04 01:00:00,5.31,5.37,5.2,5.21,29404534,NIO
2024-06-05 01:00:00,5.33,5.35,5.15,5.27,49656079,NIO
2024-06-06 01:00:00,4.95,5.0,4.74,4.91,84453807,NIO
2024-06-07 01:00:00,4.82,4.96,4.8,4.83,34658602,NIO
2024-06-10 01:00:00,4.82,4.85,4.67,4.72,38316347,NIO
2024-06-11 01:00:00,4.79,4.8,4.35,4.46,66199175,NIO
2024-06-12 01:00:00,4.47,4.625,4.31,4.45,62311432,NIO
2024-06-13 01:00:00,4.47,4.61,4.4,4.41,27306325,NIO
2024-06-14 01:00:00,4.36,4.38,4.29,4.33,23556994,NIO
2024-06-17 01:00:00,4.32,4.48,4.235,4.43,31751380,NIO
2024-06-18 01:00:00,4.355,4.47,4.32,4.43,28884896,NIO
2024-06-20 01:00:00,4.37,4.45,4.25,4.33,28737152,NIO
2024-06-21 01:00:00,4.31,4.3498,4.2402,4.3,22036714,NIO
2024-06-24 01:00:00,4.3,4.53,4.29,4.44,28749721,NIO
2024-06-25 01:00:00,4.4,4.43,4.32,4.37,23318423,NIO
2024-06-26 01:00:00,4.38,4.68,4.335,4.64,53248083,NIO
2024-06-27 01:00:00,4.57,4.58,4.37,4.39,37306080,NIO
2024-06-28 01:00:00,4.35,4.36,4.14,4.16,47669527,NIO
2024-07-01 01:00:00,4.35,4.51,4.25,4.44,55633161,NIO
2024-07-02 01:00:00,4.45,4.54,4.38,4.53,35412308,NIO
2024-07-03 01:00:00,4.59,5.04,4.59,4.87,72459848,NIO
2024-07-05 01:00:00,4.725,4.75,4.405,4.62,61604007,NIO
2024-07-08 01:00:00,4.54,4.61,4.44,4.46,39272450,NIO
2024-07-09 01:00:00,4.47,4.54,4.42,4.5,27018324,NIO
2024-07-10 01:00:00,4.51,4.77,4.5,4.62,43456568,NIO
2024-07-11 01:00:00,4.79,4.8,4.6,4.68,56422755,NIO
2024-07-12 01:00:00,4.71,4.92,4.7,4.87,51797736,NIO
2024-07-15 01:00:00,4.81,4.81,4.53,4.63,58503295,NIO
2024-07-16 01:00:00,4.62,4.92,4.62,4.9,50004834,NIO
2024-07-17 01:00:00,4.83,4.865,4.55,4.59,54980517,NIO
2024-07-18 01:00:00,4.63,4.71,4.51,4.54,36332685,NIO
2024-07-19 01:00:00,4.51,4.515,4.41,4.46,22403649,NIO
2024-07-22 01:00:00,4.63,4.7,4.58,4.69,34131522,NIO
2024-07-23 01:00:00,4.58,4.5983,4.47,4.48,37498742,NIO
2024-07-24 01:00:00,4.39,4.42,4.26,4.3,43266712,NIO
2024-07-25 01:00:00,4.39,4.44,4.27,4.27,40111284,NIO
2024-07-26 01:00:00,4.31,4.43,4.24,4.43,32103355,NIO
2024-07-29 01:00:00,4.44,4.47,4.3,4.39,33918318,NIO
2024-07-30 01:00:00,4.34,4.44,4.31,4.42,41983821,NIO
2024-07-31 01:00:00,4.5,4.615,4.43,4.44,33546763,NIO
2024-08-01 01:00:00,4.45,4.45,3.99,4.06,88261528,NIO
2024-08-02 01:00:00,3.95,4.25,3.93,4.05,39936769,NIO
2024-08-05 01:00:00,3.74,3.97,3.66,3.89,53237042,NIO
2024-08-06 01:00:00,3.9,3.92,3.76,3.77,37777500,NIO
2024-08-07 01:00:00,3.81,3.91,3.67,3.67,33486287,NIO
2024-08-08 01:00:00,3.73,3.89,3.63,3.82,35671049,NIO
2024-08-09 01:00:00,3.8,3.885,3.75,3.78,25866108,NIO
2024-08-12 01:00:00,3.8,3.83,3.74,3.76,20645494,NIO
2024-08-13 01:00:00,3.77,3.91,3.7607,3.89,29584604,NIO
2024-08-14 01:00:00,3.915,3.925,3.71,3.72,37694790,NIO
2024-08-15 01:00:00,3.79,3.87,3.78,3.83,28523146,NIO
2024-08-16 01:00:00,3.84,3.98,3.83,3.95,28728693,NIO
2024-08-19 01:00:00,4.03,4.105,4.03,4.07,23455073,NIO
2024-08-20 01:00:00,4.12,4.17,3.83,3.85,43921558,NIO
2024-08-21 01:00:00,3.93,4.0,3.83,3.99,25739184,NIO
2024-08-22 01:00:00,4.01,4.05,3.92,3.99,25826801,NIO
2024-08-23 01:00:00,4.03,4.13,3.99,4.08,25913392,NIO
2024-08-26 01:00:00,4.06,4.1,3.98,4.03,25776183,NIO
2024-08-27 01:00:00,4.075,4.1,3.96,4.0,24654729,NIO
2024-08-28 01:00:00,3.96,4.0,3.68,3.7,62882024,NIO
2024-08-29 01:00:00,3.83,3.97,3.76,3.94,45246776,NIO
2024-08-30 01:00:00,4.19,4.205,4.0,4.04,65991105,NIO
2024-09-03 01:00:00,3.98,4.18,3.96,4.15,52928230,NIO
2024-09-04 01:00:00,4.23,4.29,4.18,4.24,49161859,NIO
2024-09-05 01:00:00,4.41,4.85,4.27,4.85,110271882,NIO
2024-09-06 01:00:00,4.94,5.18,4.9,5.02,105245025,NIO
2024-09-09 01:00:00,4.88,5.61,4.76,5.57,125459108,NIO
2024-09-10 01:00:00,5.43,5.5,5.32,5.48,58595025,NIO
2024-09-11 01:00:00,5.51,5.66,5.43,5.6,51390475,NIO
2024-09-12 01:00:00,5.54,5.54,5.1,5.28,71034926,NIO
2024-09-13 01:00:00,5.22,5.57,5.19,5.55,64294419,NIO
2024-09-16 01:00:00,5.54,5.55,5.38,5.4,37580120,NIO
2024-09-17 01:00:00,5.45,5.7,5.4,5.41,41732921,NIO
2024-09-18 01:00:00,5.45,5.48,5.01,5.02,65049704,NIO
2024-09-19 01:00:00,5.25,5.4,4.97,5.4,93014331,NIO
2024-09-20 01:00:00,5.34,5.54,5.21,5.28,53489081,NIO
2024-09-23 01:00:00,5.2,5.555,5.05,5.32,66291849,NIO
2024-09-24 01:00:00,5.76,5.96,5.61,5.94,116346140,NIO
2024-09-25 01:00:00,5.7,5.84,5.565,5.65,72687376,NIO
2024-09-26 01:00:00,6.0,6.2,5.695,5.78,139473626,NIO
2024-09-27 01:00:00,6.01,6.66,5.99,6.52,180982054,NIO
2024-09-30 01:00:00,7.7,7.71,6.66,6.68,214406996,NIO
2024-10-01 01:00:00,6.9,7.08,6.44,7.03,146968869,NIO
2024-10-02 01:00:00,7.24,7.38,6.8202,7.21,135598126,NIO
2024-10-03 01:00:00,6.86,6.99,6.67,6.7,99136027,NIO
2024-10-04 01:00:00,6.72,6.8,6.4,6.77,92195003,NIO
2024-10-07 01:00:00,6.81,6.93,6.56,6.79,78405035,NIO
2024-10-08 01:00:00,6.26,6.4,6.11,6.24,82359219,NIO
2024-10-09 01:00:00,6.08,6.45,5.9775,6.29,70071069,NIO
2024-10-10 01:00:00,6.23,6.35,6.1301,6.22,47902284,NIO
2024-10-11 01:00:00,6.06,6.3,6.03,6.24,42897918,NIO
2024-10-14 01:00:00,6.06,6.1799,5.76,5.79,80930082,NIO
2024-10-15 01:00:00,5.61,5.81,5.55,5.62,67585753,NIO
2024-10-16 01:00:00,5.66,5.69,5.475,5.51,46932629,NIO
2024-10-17 01:00:00,5.36,5.36,5.05,5.15,74651603,NIO
2024-10-18 01:00:00,5.46,5.49,5.18,5.22,66972487,NIO
2024-10-21 01:00:00,5.09,5.27,5.0518,5.14,35255310,NIO
2024-10-22 01:00:00,5.16,5.35,5.15,5.23,38285846,NIO
2024-10-23 01:00:00,5.22,5.29,5.15,5.19,36170884,NIO
2024-10-24 01:00:00,5.15,5.16,4.96,4.98,49328665,NIO
2024-10-25 01:00:00,5.06,5.35,5.01,5.26,67917085,NIO
2024-10-28 01:00:00,5.38,6.03,5.37,5.81,109992439,NIO
2024-10-29 01:00:00,5.9,5.905,5.59,5.6,64407147,NIO
2024-10-30 01:00:00,5.44,5.44,5.3,5.35,57415089,NIO
2024-10-31 01:00:00,5.3,5.31,5.05,5.1,50277419,NIO
2024-11-01 01:00:00,5.14,5.19,5.0,5.1,43951803,NIO
2024-11-04 01:00:00,5.13,5.3,5.12,5.14,36745788,NIO
2024-11-05 01:00:00,5.28,5.38,5.22,5.28,32012097,NIO
2024-11-06 01:00:00,5.0,5.18,4.86,5.0,81290901,NIO
2024-11-07 01:00:00,5.23,5.35,5.1301,5.31,56496051,NIO
2024-11-08 01:00:00,5.16,5.2,5.015,5.09,57885297,NIO
2024-11-11 01:00:00,5.18,5.23,5.0,5.06,51270555,NIO
2024-11-12 01:00:00,4.88,4.88,4.58,4.58,86695677,NIO
2024-11-13 01:00:00,4.66,4.69,4.56,4.61,45111275,NIO
2024-11-14 01:00:00,4.57,4.65,4.43,4.43,39880863,NIO
2024-11-15 01:00:00,4.44,4.51,4.36,4.49,46287426,NIO
2024-11-18 01:00:00,4.605,4.75,4.55,4.67,47955673,NIO
2024-11-19 01:00:00,4.745,4.75,4.48,4.63,81563506,NIO
2024-11-20 01:00:00,4.41,4.84,4.31,4.65,92292297,NIO
2024-11-21 01:00:00,4.58,4.805,4.5,4.7,54962295,NIO
2024-11-22 01:00:00,4.6,4.92,4.59,4.84,66538413,NIO
2024-11-25 01:00:00,4.79,4.86,4.64,4.67,54234921,NIO
2024-11-26 01:00:00,4.6,4.605,4.31,4.31,71245235,NIO
2024-11-27 01:00:00,4.44,4.45,4.28,4.38,45474476,NIO
2024-11-29 01:00:00,4.38,4.53,4.36,4.48,29218231,NIO
2024-12-02 01:00:00,4.49,4.61,4.36,4.4,40711242,NIO
2024-12-03 01:00:00,4.41,4.8299,4.4,4.64,79059846,NIO
2024-12-04 01:00:00,4.67,4.74,4.52,4.6,47932741,NIO
2024-12-05 01:00:00,4.65,4.77,4.6,4.61,86599497,NIO
2024-12-06 01:00:00,4.7,4.71,4.56,4.61,44028266,NIO
2024-12-09 01:00:00,4.94,5.36,4.93,5.18,123185728,NIO
2024-12-10 01:00:00,4.95,5.02,4.75,4.77,64769707,NIO
2024-12-11 01:00:00,4.78,4.8,4.57,4.67,55104360,NIO
2024-12-12 01:00:00,4.6,4.6481,4.49,4.59,47028890,NIO
2024-12-13 01:00:00,4.53,4.55,4.45,4.51,31903261,NIO
2024-12-16 01:00:00,4.47,4.57,4.4,4.42,36537694,NIO
2024-12-17 01:00:00,4.4,4.62,4.39,4.54,39286618,NIO
2024-12-18 01:00:00,4.55,4.565,4.28,4.32,45533851,NIO
2024-12-19 01:00:00,4.4,4.51,4.37,4.4,27936436,NIO
2024-12-20 01:00:00,4.48,4.61,4.42,4.54,36765627,NIO
2024-12-23 01:00:00,4.5,4.5487,4.47,4.48,32756004,NIO
2024-12-24 01:00:00,4.51,4.68,4.51,4.62,24244377,NIO
2024-12-26 01:00:00,4.63,4.83,4.605,4.69,33923427,NIO
2024-12-27 01:00:00,4.64,4.65,4.48,4.48,41203574,NIO
2024-12-30 01:00:00,4.43,4.47,4.3301,4.38,36562585,NIO
2024-12-31 01:00:00,4.43,4.56,4.35,4.36,39899681,NIO
2025-01-02 01:00:00,4.42,4.73,4.36,4.55,63007712,NIO
2025-01-03 01:00:00,4.52,4.66,4.46,4.63,35597937,NIO
2025-01-06 01:00:00,4.765,4.91,4.67,4.71,53340651,NIO
2025-01-07 01:00:00,4.63,4.68,4.45,4.51,61962000,NIO
2025-01-08 01:00:00,4.4,4.405,4.26,4.32,49570100,NIO
2025-01-10 01:00:00,4.25,4.27,4.16,4.17,41829017,NIO
2025-01-13 01:00:00,4.12,4.12,4.01,4.06,36105351,NIO
2025-01-14 01:00:00,4.14,4.195,4.02,4.08,32476614,NIO
2025-01-15 01:00:00,4.11,4.14,4.02,4.1,32660968,NIO
2025-01-16 01:00:00,4.1,4.2,4.075,4.16,28870087,NIO
2025-01-17 01:00:00,4.21,4.42,4.19,4.36,50447581,NIO
2025-01-21 01:00:00,4.35,4.38,4.17,4.18,38457548,NIO
2025-01-22 01:00:00,4.17,4.36,4.13,4.28,39858962,NIO
2025-01-23 01:00:00,4.22,4.22,4.09,4.13,33087975,NIO
2025-01-24 01:00:00,4.19,4.35,4.14,4.29,40544463,NIO
2025-01-27 01:00:00,4.32,4.42,4.25,4.27,51189523,NIO
2025-01-28 01:00:00,4.27,4.33,4.17,4.32,37121668,NIO
2025-01-29 01:00:00,4.32,4.35,4.22,4.22,24440741,NIO
2025-01-30 01:00:00,4.27,4.47,4.27,4.44,49084863,NIO
2025-01-31 01:00:00,4.43,4.5,4.3,4.32,37501723,NIO
2025-02-03 01:00:00,4.17,4.385,4.1106,4.28,63162724,NIO
2025-02-04 01:00:00,4.37,4.5,4.355,4.39,44232149,NIO
2025-02-05 01:00:00,4.26,4.288,4.18,4.2,35838058,NIO
2025-02-06 01:00:00,4.24,4.3,4.16,4.2,31997703,NIO
2025-02-07 01:00:00,4.28,4.33,4.19,4.24,37198198,NIO
2025-02-10 01:00:00,4.32,4.35,4.24,4.33,28705439,NIO
2025-02-11 01:00:00,4.21,4.21,4.03,4.04,69228743,NIO
2025-02-12 01:00:00,4.08,4.22,4.045,4.21,73192471,NIO
2025-02-13 01:00:00,4.165,4.29,4.16,4.26,51756293,NIO
2025-02-14 01:00:00,4.35,4.55,4.3201,4.44,54298979,NIO
2025-02-18 01:00:00,4.49,4.5,4.35,4.36,43222810,NIO
2025-02-19 01:00:00,4.4,4.52,4.37,4.39,74651811,NIO
2025-02-20 01:00:00,4.45,4.52,4.3,4.37,39236353,NIO
2025-02-21 01:00:00,4.47,4.69,4.42,4.44,101148579,NIO
2025-02-24 01:00:00,4.44,4.46,4.35,4.36,37454211,NIO
2025-02-25 01:00:00,4.46,4.5,4.25,4.27,49948682,NIO
2025-02-26 01:00:00,4.375,4.76,4.37,4.72,121742174,NIO
2025-02-27 01:00:00,4.67,5.13,4.64,4.79,134805385,NIO
2025-02-28 01:00:00,4.55,4.67,4.43,4.63,60898649,NIO
2025-03-03 01:00:00,4.49,4.56,4.2,4.23,80304048,NIO
2025-03-04 01:00:00,4.18,4.3,4.1,4.22,41666786,NIO
2025-03-05 01:00:00,4.32,4.42,4.27,4.35,48201121,NIO
2025-03-06 01:00:00,4.33,4.38,4.21,4.24,44428717,NIO
2025-03-07 01:00:00,4.27,4.49,4.25,4.47,45986522,NIO
2025-03-10 01:00:00,4.39,4.68,4.385,4.46,66742341,NIO
2025-03-11 01:00:00,4.745,5.325,4.72,5.22,162169075,NIO
2025-03-12 01:00:00,5.055,5.49,5.035,5.1,87317682,NIO
2025-03-13 01:00:00,5.0,5.01,4.65,4.73,64246951,NIO
2025-03-14 01:00:00,4.86,5.06,4.83,4.9,53619984,NIO
2025-03-17 01:00:00,4.9,5.06,4.86,5.03,38063504,NIO
2025-03-18 01:00:00,5.275,5.33,5.06,5.19,79321141,NIO
2025-03-19 01:00:00,5.2,5.25,5.1,5.17,38703280,NIO
2025-03-20 01:00:00,4.98,4.98,4.7,4.71,79242712,NIO
2025-03-21 01:00:00,4.48,4.62,4.36,4.5,82883030,NIO
2025-03-24 01:00:00,4.4,4.48,4.34,4.38,59177993,NIO
2025-03-25 01:00:00,4.33,4.48,4.3,4.39,38082057,NIO
2025-03-26 01:00:00,4.37,4.42,4.18,4.22,62927003,NIO
2025-03-27 01:00:00,3.9,4.03,3.88,3.98,156708255,NIO
2025-03-28 01:00:00,3.895,3.925,3.73,3.75,78965070,NIO
2025-03-31 01:00:00,3.67,3.85,3.57,3.81,64817620,NIO
2025-04-01 01:00:00,3.87,4.0,3.82,3.87,43177391,NIO
2025-04-02 01:00:00,3.81,3.84,3.75,3.8,46021062,NIO
2025-04-03 01:00:00,3.64,3.78,3.63,3.74,36666547,NIO
2025-04-04 01:00:00,3.5,3.57,3.2,3.46,77685612,NIO
2025-04-07 01:00:00,3.195,3.545,3.18,3.36,73974832,NIO
2025-04-08 01:00:00,3.39,3.41,3.02,3.14,78198009,NIO
2025-04-09 01:00:00,3.09,3.36,3.04,3.31,78717703,NIO
2025-04-10 01:00:00,3.38,3.49,3.24,3.28,73432207,NIO
2025-04-11 01:00:00,3.33,3.52,3.3,3.52,56524318,NIO
2025-04-14 01:00:00,3.6,3.71,3.57,3.61,44128895,NIO
2025-04-15 01:00:00,3.56,3.65,3.55,3.62,28866307,NIO
2025-04-16 01:00:00,3.45,3.57,3.42,3.52,33469546,NIO
2025-04-17 01:00:00,3.51,3.58,3.49,3.52,23168719,NIO
2025-04-21 01:00:00,3.54,3.61,3.48,3.6,28418971,NIO
2025-04-22 01:00:00,3.63,3.785,3.6111,3.75,38578028,NIO
2025-04-23 01:00:00,3.83,3.99,3.82,3.93,46950459,NIO
2025-04-24 01:00:00,3.94,4.2399,3.94,4.18,55103433,NIO
2025-04-25 01:00:00,4.11,4.11,3.97,4.03,39696804,NIO
2025-04-28 01:00:00,4.09,4.39,4.09,4.31,60350196,NIO
2025-04-29 01:00:00,4.35,4.44,4.18,4.24,45965535,NIO
2025-04-30 01:00:00,4.02,4.08,4.01,4.05,31596257,NIO
2025-05-01 01:00:00,4.1,4.11,3.9,3.93,41506783,NIO
2025-05-02 01:00:00,4.08,4.15,4.0,4.03,28201488,NIO
2025-05-05 01:00:00,4.01,4.02,3.94,3.98,24160581,NIO
2025-05-06 01:00:00,3.91,3.95,3.85,3.92,33405896,NIO
2025-05-07 01:00:00,3.85,3.91,3.82,3.84,28666196,NIO
2025-05-08 01:00:00,3.91,3.9962,3.88,3.96,27945346,NIO
2025-05-09 01:00:00,3.97,4.1,3.96,3.97,24093587,NIO
2025-05-12 01:00:00,4.23,4.27,4.09,4.2,44327878,NIO
2025-05-13 01:00:00,4.1,4.18,4.06,4.12,28022232,NIO
2025-05-14 01:00:00,4.16,4.22,4.11,4.13,25987914,NIO
2025-05-15 01:00:00,4.06,4.08,3.96,3.99,29326621,NIO
2025-05-16 01:00:00,4.08,4.12,4.03,4.1,25768193,NIO
2025-05-19 01:00:00,3.97,4.04,3.91,4.04,21902013,NIO
2025-05-20 01:00:00,3.99,4.03,3.96,3.96,22933879,NIO
2025-05-21 01:00:00,3.99,4.06,3.92,3.94,38257046,NIO
2025-05-22 01:00:00,3.9,3.92,3.86,3.88,31969193,NIO
2025-05-23 01:00:00,3.81,3.83,3.74,3.82,29176425,NIO
2025-05-27 01:00:00,3.72,3.74,3.63,3.69,47263989,NIO
2025-05-28 01:00:00,3.675,3.75,3.65,3.67,27254135,NIO
2025-05-29 01:00:00,3.75,3.77,3.66,3.68,23229198,NIO
2025-05-30 01:00:00,3.61,3.615,3.52,3.54,37431508,NIO
2025-06-02 01:00:00,3.57,3.58,3.48,3.52,39573318,NIO
2025-06-03 01:00:00,3.4,3.6,3.35,3.53,51344829,NIO
2025-06-04 01:00:00,3.61,3.915,3.56,3.75,72688767,NIO
2025-06-05 01:00:00,3.665,3.68,3.55,3.62,37493167,NIO
2025-06-06 01:00:00,3.585,3.7,3.565,3.63,31176770,NIO
2025-06-09 01:00:00,3.63,3.702,3.6,3.6,23999804,NIO
2025-06-10 01:00:00,3.65,3.81,3.63,3.81,40706658,NIO
2025-06-11 01:00:00,3.85,3.895,3.74,3.74,31465405,NIO
2025-06-12 01:00:00,3.67,3.69,3.61,3.62,22556019,NIO
2025-06-13 01:00:00,3.54,3.59,3.49,3.51,39274686,NIO
2025-06-16 01:00:00,3.52,3.59,3.5133,3.52,21245988,NIO
2025-06-17 01:00:00,3.505,3.52,3.44,3.44,23446450,NIO
2025-06-18 01:00:00,3.46,3.48,3.42,3.42,25543085,NIO
2025-06-20 01:00:00,3.455,3.47,3.4,3.41,23893541,NIO
2025-06-23 01:00:00,3.4,3.45,3.34,3.43,28943182,NIO
2025-06-24 01:00:00,3.46,3.57,3.41,3.5,33481311,NIO
2025-06-25 01:00:00,3.565,3.565,3.44,3.47,21509484,NIO
2025-06-26 01:00:00,3.46,3.48,3.4,3.42,31146367,NIO
2025-06-27 01:00:00,3.42,3.55,3.395,3.46,63720234,NIO
2025-06-30 01:00:00,3.485,3.49,3.41,3.43,24598896,NIO
2025-07-01 01:00:00,3.47,3.57,3.45,3.51,46064797,NIO
2025-07-02 01:00:00,3.495,3.54,3.47,3.48,22912567,NIO
2025-07-03 01:00:00,3.5,3.55,3.47,3.51,15645460,NIO
2025-07-07 01:00:00,3.44,3.47,3.39,3.41,31339239,NIO
2025-07-08 01:00:00,3.43,3.52,3.38,3.5,43515609,NIO
2025-07-09 01:00:00,3.52,3.59,3.46,3.48,26907306,NIO
2025-07-10 01:00:00,3.55,3.7,3.49,3.69,74015172,NIO
2025-07-11 01:00:00,3.75,4.05,3.695,3.9,141527792,NIO
2025-07-14 01:00:00,4.1097,4.22,4.02,4.17,122870667,NIO
2025-07-15 01:00:00,4.25,4.28,4.13,4.25,66259185,NIO
2025-07-16 01:00:00,4.19,4.19,3.96,4.11,70104282,NIO
2025-07-17 01:00:00,4.125,4.49,4.11,4.4,116140113,NIO
2025-07-18 01:00:00,4.38,4.57,4.28,4.39,78373599,NIO
2025-07-21 01:00:00,4.475,4.67,4.46,4.52,58883963,NIO
2025-07-22 01:00:00,4.645,5.09,4.635,5.01,133091936,NIO
2025-07-23 01:00:00,5.19,5.21,4.87,4.92,108246456,NIO
2025-07-24 01:00:00,4.92,4.945,4.7,4.83,63260351,NIO
2025-07-25 01:00:00,4.84,5.09,4.79,4.92,60712298,NIO
2025-07-28 01:00:00,4.99,5.01,4.82,4.83,42322377,NIO
2025-07-29 01:00:00,4.82,4.84,4.68,4.71,38397363,NIO
2025-07-30 01:00:00,4.6,4.61,4.51,4.51,40824104,NIO
2025-07-31 01:00:00,4.68,4.98,4.46,4.87,131207095,NIO
2025-08-01 01:00:00,4.74,5.06,4.73,5.01,81680862,NIO
2025-08-04 01:00:00,4.89,4.9,4.58,4.6,92178877,NIO
2025-08-05 01:00:00,4.66,4.67,4.455,4.5,55676412,NIO
2025-08-06 01:00:00,4.59,4.67,4.52,4.61,55025093,NIO
2025-08-07 01:00:00,4.62,4.72,4.59,4.68,27399013,NIO
2025-08-08 01:00:00,4.73,4.87,4.71,4.84,36036349,NIO
2025-08-11 01:00:00,4.955,5.01,4.85,4.91,36250506,NIO
2025-08-12 01:00:00,4.74,4.74,4.45,4.47,106501840,NIO
2025-08-13 01:00:00,4.61,4.62,4.54,4.62,35804215,NIO
2025-08-14 01:00:00,4.5,4.51,4.37,4.45,43446321,NIO
2025-08-15 01:00:00,4.56,4.82,4.5505,4.81,69020962,NIO
2025-08-18 01:00:00,4.91,4.965,4.81,4.87,47355282,NIO
2025-08-19 01:00:00,4.94,5.23,4.93,5.07,90447723,NIO
2025-08-20 01:00:00,5.01,5.14,4.97,5.07,46063529,NIO
2025-08-21 01:00:00,5.24,5.68,5.24,5.54,147125680,NIO
2025-08-22 01:00:00,5.87,6.58,5.775,6.34,234464695,NIO
2025-08-25 01:00:00,6.7,6.73,6.07,6.09,156581468,NIO
2025-08-26 01:00:00,6.39,6.83,6.38,6.7,146133121,NIO
2025-08-27 01:00:00,6.5,6.62,6.31,6.34,89801657,NIO
2025-08-28 01:00:00,6.525,6.54,6.26,6.51,74896753,NIO
2025-08-29 01:00:00,6.435,6.51,6.26,6.38,57629746,NIO
2025-09-02 01:00:00,6.24,6.64,6.06,6.58,123577108,NIO
2025-09-03 01:00:00,6.38,6.4,6.04,6.32,89712385,NIO
2025-09-04 01:00:00,6.07,6.19,5.97,6.13,72831229,NIO
2025-09-05 01:00:00,6.18,6.23,5.92,5.95,59299456,NIO
2025-09-08 01:00:00,6.045,6.225,5.95,6.165,82462226,NIO
2025-09-09 01:00:00,6.06,6.32,6.05,6.28,54499211,NIO
2025-09-10 01:00:00,5.74,5.78,5.6,5.72,237836477,NIO
2025-09-11 01:00:00,5.83,6.13,5.77,6.07,95275079,NIO
2025-09-12 01:00:00,6.03,6.29,5.94,6.22,75071320,NIO
2025-09-15 01:00:00,6.455,6.83,6.42,6.49,68234855,NIO
2025-09-16 01:00:00,6.55,7.09,6.48,7.02,130662504,NIO
2025-09-17 01:00:00,7.23,7.45,7.055,7.45,122761822,NIO
2025-09-18 01:00:00,7.23,7.5,7.2,7.37,76975022,NIO
2025-09-19 01:00:00,7.59,7.6,7.28,7.37,79099442,NIO
2025-09-22 01:00:00,7.37,7.41,6.8,6.91,128795324,NIO
2025-09-23 01:00:00,6.9,7.17,6.77,6.93,80663337,NIO
2025-09-24 01:00:00,7.08,7.34,6.98,7.12,76711847,NIO
2025-09-25 01:00:00,7.045,7.68,7.0,7.47,92782903,NIO
2025-09-26 01:00:00,7.31,7.37,6.96,7.04,92524012,NIO
2025-09-29 01:00:00,7.13,7.265,6.92,7.21,65361338,NIO
2025-09-30 01:00:00,7.3,7.78,7.3,7.62,107657595,NIO
2025-10-01 01:00:00,7.79,7.9,7.54,7.65,57383655,NIO
2025-10-02 01:00:00,7.85,8.02,7.64,7.89,86946447,NIO
2025-10-03 01:00:00,7.8,7.8,7.5,7.7,68069220,NIO
2025-10-06 01:00:00,7.63,7.85,7.58,7.59,61137192,NIO
2025-10-07 01:00:00,7.57,7.5997,7.29,7.5,75295387,NIO
2025-10-08 01:00:00,7.6,7.86,7.57,7.85,75642237,NIO
2025-10-09 01:00:00,7.76,7.7969,7.4,7.46,64912961,NIO
2025-10-10 01:00:00,7.44,7.44,6.66,6.71,126261787,NIO
2025-10-13 01:00:00,7.01,7.22,6.96,7.18,65388220,NIO
2025-10-14 01:00:00,6.9,7.0,6.77,6.8,56830390,NIO
2025-10-15 01:00:00,6.985,7.04,6.74,6.82,40112333,NIO
2025-10-16 01:00:00,6.29,6.87,6.28,6.83,125559000,NIO
2025-10-17 01:00:00,6.53,6.77,6.52,6.75,76615127,NIO
2025-10-20 01:00:00,6.75,7.08,6.72,7.06,52665384,NIO
2025-10-21 01:00:00,6.8799,6.915,6.8,6.8,35680939,NIO
2025-10-22 01:00:00,6.89,7.06,6.6801,6.84,52458165,NIO
2025-10-23 01:00:00,6.915,6.97,6.865,6.89,30262038,NIO
2025-10-24 01:00:00,6.84,7.03,6.77,6.9,38381236,NIO
2025-10-27 01:00:00,7.075,7.22,7.0,7.04,45448469,NIO
2025-10-28 01:00:00,7.01,7.11,6.89,7.09,30947014,NIO
2025-10-29 01:00:00,7.13,7.325,7.0627,7.14,42260884,NIO
2025-10-30 01:00:00,7.05,7.26,6.995,7.01,36452079,NIO
2025-10-31 01:00:00,7.05,7.27,6.85,7.25,50928394,NIO
2025-11-03 01:00:00,7.34,7.51,7.23,7.42,54540364,NIO
2025-11-04 01:00:00,7.19,7.36,7.065,7.16,42717086,NIO
2025-11-05 01:00:00,7.29,7.4,7.18,7.29,34733389,NIO
2025-11-06 01:00:00,7.41,7.54,7.11,7.16,69341620,NIO
2025-11-07 01:00:00,7.025,7.025,6.675,6.86,65995447,NIO
2025-11-10 01:00:00,6.97,7.06,6.65,6.71,58131392,NIO
2025-11-11 01:00:00,6.95,7.0,6.59,6.63,53443448,NIO
2025-11-12 01:00:00,6.52,6.53,6.34,6.45,45784692,NIO
2025-11-13 01:00:00,6.44,6.49,6.14,6.24,62534773,NIO
2025-11-14 01:00:00,5.99,6.3,5.95,6.16,54490445,NIO
2025-11-17 01:00:00,6.13,6.285,6.02,6.08,53189625,NIO
2025-11-18 00:00:00,5.98,6.03,5.83,5.975,49674172,NIO
